# Time (s),X (m),Y (m),Z (m),Vx (m/s),Vy (m/s),Vz (m/s),Ax (m/s²),Ay (m/s²),Az (m/s²)
0.000000,0.000000,0.000000,892.000000,0.000000,0.000000,0.000000,0.000000,0.000000,0.000000
0.001108,-0.000000,0.000000,892.000000,0.000000,0.000000,0.000000,0.000000,-0.000000,0.000000
0.002217,0.000000,-0.000000,892.000000,-0.000000,0.000000,-0.000000,-0.000000,0.000000,-0.000000
0.004433,0.000000,0.000000,892.000000,0.000000,0.000000,0.000000,0.000000,-0.000000,0.000000
0.006650,-0.000000,-0.000000,892.000000,0.000000,-0.000000,0.000000,0.000000,-0.000000,0.000000
0.008867,0.000000,-0.000000,892.000000,0.000000,0.000000,0.000000,0.000000,0.000000,-0.000000
0.009392,-0.000000,-0.000000,892.000000,0.000000,-0.000000,0.000000,0.000000,-0.000000,0.000000
0.009918,0.000000,-0.000000,892.000000,-0.000000,0.000000,-0.000000,0.000000,0.000000,-0.000000
0.010969,0.000000,-0.000000,892.000000,0.000082,-0.000037,0.000858,0.156277,-0.070748,1.632142
0.012021,0.000000,-0.000000,892.000004,0.000536,-0.000243,0.005596,0.706687,-0.319922,7.380572
0.013072,0.000001,-0.000001,892.000015,0.001568,-0.000710,0.016378,1.257110,-0.569103,13.129145
0.023586,0.000240,-0.000108,892.002502,0.043730,-0.019797,0.456713,6.763101,-3.061704,70.633227
0.034100,0.001226,-0.000555,892.012799,0.143816,-0.065106,1.502000,12.275629,-5.557265,128.205582
0.040089,0.002335,-0.001057,892.024388,0.226747,-0.102650,2.368130,15.420278,-6.980870,161.048013
0.042805,0.003011,-0.001363,892.031443,0.270576,-0.122492,2.825871,16.847815,-7.627126,175.957081
0.044583,0.003519,-0.001593,892.036751,0.301067,-0.136295,3.144322,17.446944,-7.898356,182.214335
0.046036,0.003975,-0.001799,892.041511,0.326363,-0.147747,3.408507,17.374559,-7.865587,181.458352
0.047489,0.004467,-0.002022,892.046654,0.351553,-0.159151,3.671593,17.302145,-7.832804,180.702063
0.048942,0.004996,-0.002262,892.052179,0.376639,-0.170507,3.933580,17.229681,-7.800000,179.945261
0.051848,0.006163,-0.002790,892.064365,0.426493,-0.193076,4.454255,17.084696,-7.734364,178.431052
0.054753,0.007474,-0.003384,892.078058,0.475926,-0.215455,4.970529,16.939635,-7.668693,176.916041
0.057659,0.008928,-0.004042,892.093245,0.524937,-0.237643,5.482398,16.794411,-7.602950,175.399341
0.059198,0.009756,-0.004417,892.101889,0.550721,-0.249315,5.751685,16.717469,-7.568117,174.595757
0.060737,0.010623,-0.004809,892.110946,0.576387,-0.260935,6.019735,16.640505,-7.533275,173.791956
0.062276,0.011530,-0.005220,892.120414,0.601934,-0.272500,6.286548,16.563519,-7.498423,172.987918
0.065353,0.013461,-0.006094,892.140582,0.652914,-0.295579,6.818973,16.597061,-7.513608,173.338227
0.068431,0.015549,-0.007039,892.162390,0.704119,-0.318760,7.353753,16.688399,-7.554957,174.292160
0.071508,0.017795,-0.008056,892.185849,0.755620,-0.342074,7.891625,16.779803,-7.596337,175.246775
0.074586,0.020200,-0.009145,892.210968,0.807402,-0.365517,8.432435,16.871266,-7.637742,176.202000
0.075202,0.020703,-0.009373,892.216225,0.817798,-0.370223,8.541009,16.889568,-7.646028,176.393143
0.075817,0.021213,-0.009603,892.221549,0.828205,-0.374934,8.649700,16.907872,-7.654314,176.584311
0.076433,0.021729,-0.009837,892.226940,0.838623,-0.379651,8.758509,16.926179,-7.662602,176.775506
0.077048,0.022252,-0.010074,892.232398,0.849053,-0.384372,8.867436,16.944488,-7.670891,176.966732
0.077664,0.022781,-0.010313,892.237923,0.859494,-0.389099,8.976481,16.962800,-7.679181,177.157981
0.078895,0.023852,-0.010798,892.249108,0.880358,-0.398544,9.194376,16.932694,-7.665551,176.843549
0.080126,0.024949,-0.011294,892.260560,0.901168,-0.407965,9.411723,16.877481,-7.640556,176.266914
0.081357,0.026071,-0.011802,892.272280,0.921911,-0.417356,9.628360,16.822242,-7.615549,175.690001
0.093667,0.038674,-0.017508,892.403903,1.125595,-0.509565,11.755610,16.268941,-7.365066,169.911375
0.094645,0.039782,-0.018009,892.415477,1.141501,-0.516766,11.921733,16.271948,-7.366427,169.942779
0.095622,0.040905,-0.018518,892.427213,1.157422,-0.523973,12.088010,16.299229,-7.378777,170.227696
0.096600,0.042045,-0.019034,892.439111,1.173369,-0.531193,12.254565,16.326515,-7.391130,170.512677
0.098555,0.044370,-0.020087,892.463398,1.205345,-0.545668,12.588513,16.381109,-7.415845,171.082852
0.100510,0.046758,-0.021168,892.488339,1.237427,-0.560192,12.923576,16.435742,-7.440578,171.653429
0.102466,0.049209,-0.022277,892.513936,1.269616,-0.574764,13.259754,16.490391,-7.465317,172.224176
0.109261,0.058219,-0.026356,892.608033,1.382258,-0.625758,14.436180,16.664005,-7.543914,174.037386
0.113489,0.064211,-0.029069,892.670617,1.452399,-0.657511,15.168721,16.515670,-7.476762,172.488193
0.117717,0.070499,-0.031915,892.736284,1.521911,-0.688980,15.894709,16.367169,-7.409534,170.937257
0.121944,0.077079,-0.034894,892.805006,1.590796,-0.720165,16.614135,16.218506,-7.342233,169.384637
0.130400,0.091110,-0.041246,892.951545,1.727467,-0.782037,18.041510,16.144349,-7.308662,168.610145
0.138856,0.106295,-0.048120,893.110135,1.864113,-0.843897,19.468629,16.196677,-7.332351,169.156658
0.147312,0.122637,-0.055519,893.280811,2.001282,-0.905995,20.901209,16.246504,-7.354908,169.677048
0.155768,0.140140,-0.063442,893.463612,2.138634,-0.968175,22.335700,16.229195,-7.347072,169.496270
0.165910,0.162666,-0.073640,893.698870,2.303142,-1.042649,24.053808,16.208340,-7.337631,169.278459
0.176053,0.186859,-0.084593,893.951543,2.467431,-1.117024,25.769630,16.187381,-7.328143,169.059568
0.186196,0.212718,-0.096299,894.221607,2.631507,-1.191302,27.483227,16.166330,-7.318613,168.839712
0.196338,0.240240,-0.108758,894.509044,2.795449,-1.265520,29.195418,16.163975,-7.317547,168.815115
0.212196,0.286606,-0.129748,894.993284,3.052381,-1.381835,31.878793,16.258530,-7.360353,169.802648
0.228054,0.337057,-0.152588,895.520196,3.310954,-1.498893,34.579312,16.353289,-7.403251,170.792298
0.235964,0.363760,-0.164677,895.799078,3.440501,-1.557539,35.932287,16.400661,-7.424696,171.287041
0.239882,0.377504,-0.170899,895.942487,3.508008,-1.588108,36.603825,17.230477,-7.802393,171.404180
0.243800,0.391513,-0.177241,896.088530,3.575600,-1.618716,37.276326,17.252332,-7.812311,171.649799
0.251635,0.420060,-0.190165,896.385894,3.710959,-1.680010,38.623252,17.296836,-7.832506,172.141146
0.259471,0.449670,-0.203569,896.693828,3.846673,-1.741465,39.974030,17.343005,-7.853455,172.632958
0.267307,0.480345,-0.217457,897.012361,3.982756,-1.803088,41.328665,17.390936,-7.875201,173.125514
0.325141,0.739989,-0.335007,899.694061,5.000010,-2.263745,51.446511,17.805541,-8.063302,176.772071
0.358879,0.918879,-0.416000,901.530878,5.606312,-2.538316,57.453058,18.151025,-8.220067,179.375585
0.385224,1.072925,-0.485747,903.107104,6.089670,-2.757219,62.217993,18.566178,-8.408432,182.537476
0.406608,1.207418,-0.546642,904.479491,6.490553,-2.938779,66.149026,18.930556,-8.573863,185.113789
0.427992,1.350569,-0.611458,905.936533,6.899496,-3.123999,70.135094,19.321728,-8.751580,187.698586
0.432269,1.380254,-0.624899,906.238203,6.982253,-3.161484,70.938427,19.379297,-8.777788,187.973913
0.436546,1.410293,-0.638500,906.543310,7.065251,-3.199078,71.742854,19.434076,-8.802740,188.210370
0.440822,1.440687,-0.652263,906.851861,7.148486,-3.236779,72.548293,19.489914,-8.828179,188.447029
0.449376,1.502547,-0.680273,907.479308,7.315685,-3.312516,74.162206,19.604786,-8.880530,188.920121
0.457929,1.565842,-0.708932,908.120577,7.483886,-3.388708,75.780167,19.724060,-8.934912,189.393337
0.466483,1.630579,-0.738246,908.775703,7.653125,-3.465375,77.402175,19.847768,-8.991341,189.866676
0.498088,1.882491,-0.852315,911.317241,8.288267,-3.753133,83.430507,20.344851,-9.218363,191.616040
0.529692,2.154741,-0.975600,914.050177,8.940153,-4.048546,89.514127,20.907021,-9.475627,193.365419
0.561297,2.447891,-1.108358,916.976258,9.610864,-4.352584,95.653019,21.536322,-9.764260,195.113729
0.572267,2.554621,-1.156695,918.037294,9.848324,-4.460253,97.796005,21.757565,-9.865973,195.597366
0.583236,2.663970,-1.206219,919.121866,10.088236,-4.569049,99.944116,21.983290,-9.969866,196.048215
0.594206,2.775964,-1.256943,920.230029,10.330666,-4.679005,102.097170,22.216770,-10.077431,196.498443
0.622833,3.080938,-1.395080,923.233541,10.975903,-4.971756,107.739141,22.861544,-10.375045,197.670214
0.651461,3.404658,-1.541725,926.399046,11.640304,-5.273365,113.414597,23.555209,-10.696147,198.837948
0.673866,3.671448,-1.662595,928.990154,12.174503,-5.516004,117.879823,24.129283,-10.962632,199.749105
0.696271,3.950353,-1.788969,931.681534,12.721805,-5.764733,122.365253,24.725036,-11.239955,200.641332
0.718676,4.241669,-1.920986,934.473608,13.282398,-6.019662,126.868366,25.315738,-11.516042,201.327616
0.744160,4.588438,-2.078158,937.772165,13.936294,-6.317238,132.009200,26.004381,-11.839065,202.105124
0.769644,4.952110,-2.243027,941.202002,14.607857,-6.623119,137.169547,26.701737,-12.167623,202.881427
0.795128,5.333123,-2.415797,944.763598,15.297190,-6.937394,142.349640,27.397382,-12.497047,203.654488
0.820612,5.731927,-2.596683,948.457454,16.004118,-7.260025,147.549479,28.080715,-12.822566,204.432539
0.858317,6.355538,-2.879641,954.166281,17.081152,-7.752258,155.279210,29.041077,-13.284260,205.587403
0.896021,7.020416,-3.181476,960.167376,18.192659,-8.261177,163.052703,29.902530,-13.704546,206.755046
0.927400,7.606100,-3.447498,965.385846,19.140686,-8.696035,169.556086,30.512807,-14.008253,207.744534
0.952343,8.093029,-3.668768,969.679632,19.906787,-9.047998,174.747671,30.911398,-14.211646,208.547267
0.977285,8.599181,-3.898877,974.103159,20.681764,-9.404561,179.959418,31.221186,-14.375552,209.362668
0.998031,9.034969,-4.097081,977.881697,21.331287,-9.703819,184.308666,31.388150,-14.471000,209.933640
1.018777,9.484260,-4.301511,981.750570,21.983354,-10.004640,188.668440,31.462855,-14.524530,210.365754
1.039523,9.947092,-4.512192,985.709997,22.636265,-10.306250,193.037571,31.464236,-14.544639,210.807203
1.060269,10.423465,-4.729132,989.760168,23.288438,-10.607927,197.415864,31.392604,-14.531235,211.259787
1.086918,11.055214,-5.016980,995.096310,24.122694,-10.994430,203.053705,31.196940,-14.466018,211.856617
1.113568,11.709124,-5.315104,1000.582910,24.950253,-11.378505,208.707389,30.893908,-14.350507,212.467766
1.140218,12.384971,-5.623418,1006.220393,25.768510,-11.758918,214.377616,30.500837,-14.192088,213.091814
1.166867,13.082475,-5.941808,1012.009202,26.575359,-12.134655,220.064684,30.040558,-14.000698,213.717894
1.193517,13.801310,-6.270140,1017.949793,27.369385,-12.505002,225.768564,29.543028,-13.789637,214.344706
1.220166,14.541128,-6.608266,1024.042615,28.150031,-12.869631,231.489143,29.043054,-13.574557,214.970498
1.246816,15.301575,-6.956034,1030.288109,28.917712,-13.228652,237.226209,28.577200,-13.372075,215.583745
1.273465,16.082326,-7.313303,1036.686721,29.673965,-13.582691,242.980290,28.192834,-13.204041,216.249344
1.300115,16.883109,-7.679953,1043.238939,30.421633,-13.932978,248.754181,27.941763,-13.094641,217.087654
1.326765,17.703740,-8.055905,1049.945306,31.164370,-14.281125,254.549872,27.830863,-13.047330,217.904361
1.353414,18.544143,-8.441125,1056.806411,31.906325,-14.628988,260.367491,27.882662,-13.073173,218.696257
1.380064,19.404356,-8.835634,1063.822836,32.651977,-14.978593,266.206117,28.107917,-13.178020,219.461725
1.406713,20.284540,-9.239506,1070.995133,33.405897,-15.332035,272.064743,28.503018,-13.361267,220.201314
1.433363,21.184972,-9.652870,1078.323818,34.172348,-15.691297,277.942341,29.045967,-13.613913,220.894261
1.469293,22.431702,-10.225525,1088.453057,35.231436,-16.187685,285.894995,29.945436,-14.035613,221.768917
1.493347,23.287889,-10.618996,1095.394281,35.959389,-16.528913,291.235579,30.588344,-14.340171,222.267105
1.512177,23.970435,-10.932782,1100.917524,36.539269,-16.800810,295.418502,30.996276,-14.536237,221.987865
1.527829,24.546156,-11.197535,1105.568593,37.027021,-17.029591,298.891865,31.310981,-14.689532,221.749572
1.543481,25.129551,-11.465887,1110.274009,37.519353,-17.260623,302.360852,31.590929,-14.828198,221.511565
1.559133,25.720684,-11.737872,1115.033695,38.015680,-17.493658,305.825837,31.825003,-14.947034,221.276853
1.574785,26.319612,-12.013518,1119.847583,38.515258,-17.728372,309.287274,32.003448,-15.041413,221.047085
1.590437,26.926376,-12.292847,1124.715600,39.016833,-17.964201,312.742888,32.074226,-15.086751,220.499729
1.606089,27.540995,-12.575870,1129.637625,39.518687,-18.200361,316.187832,32.028259,-15.078552,219.610499
1.621741,28.163461,-12.862588,1134.613466,40.019146,-18.436084,319.618039,31.894459,-15.030135,218.609613
1.637393,28.793741,-13.152989,1139.642875,40.516841,-18.670741,323.031812,31.685071,-14.946945,217.580858
1.654755,29.501944,-13.479391,1145.283994,41.064791,-18.929383,326.802536,31.429300,-14.844181,216.847260
1.672116,30.219617,-13.810267,1150.990464,41.607695,-19.185957,330.560903,31.115149,-14.714051,216.227916
1.685687,30.787136,-14.071993,1155.496430,42.027828,-19.384731,333.490426,30.796987,-14.577826,215.522080
1.688104,30.888789,-14.118880,1156.302961,42.102138,-19.419909,334.010796,30.705694,-14.537154,215.163664
1.690520,30.990621,-14.165852,1157.110748,42.176174,-19.454963,334.529906,30.567498,-14.474289,214.463537
1.692937,31.092632,-14.212908,1157.919789,42.249945,-19.489898,335.047852,30.474508,-14.432769,214.103707
1.695354,31.194820,-14.260049,1158.730080,42.323476,-19.524725,335.564812,30.380808,-14.390889,213.743728
1.700187,31.399730,-14.354583,1160.354405,42.469832,-19.594064,336.595962,30.191484,-14.306145,213.023194
1.705020,31.605344,-14.449450,1161.983705,42.615274,-19.662993,337.623666,29.999960,-14.220251,212.301854
1.709853,31.811659,-14.544650,1163.617962,42.759671,-19.731450,338.647032,29.759715,-14.111182,211.229160
1.714686,32.018669,-14.640179,1165.257155,42.903057,-19.799451,339.666352,29.564969,-14.023507,210.503893
1.721598,32.315927,-14.777370,1167.610018,43.106797,-19.896112,341.120402,29.358262,-13.931867,210.010714
1.728511,32.614586,-14.915227,1169.972912,43.308952,-19.992065,342.569882,29.131495,-13.830434,209.368320
1.735423,32.914637,-15.053744,1172.345813,43.509693,-20.087388,344.016033,28.939230,-13.745027,208.976662
1.743087,33.248963,-15.208106,1174.988661,43.730673,-20.192369,345.615905,28.721159,-13.647622,208.483428
1.750752,33.584976,-15.363269,1177.643757,43.949996,-20.296607,347.211938,28.507299,-13.551774,207.985395
1.758416,33.922663,-15.519229,1180.311071,44.167704,-20.400120,348.804120,28.299401,-13.458292,207.482237
1.775561,34.684045,-15.870952,1186.321672,44.649129,-20.629161,352.351537,27.863436,-13.261242,206.337015
1.792706,35.453624,-16.226576,1192.392911,45.123149,-20.854837,355.876187,27.441367,-13.068293,204.852789
1.805882,36.050546,-16.502492,1197.099705,45.482634,-21.026065,358.565938,27.129271,-12.924115,203.423289
1.819058,36.652181,-16.780654,1201.841833,45.838492,-21.195614,361.238246,26.884594,-12.810552,202.138436
1.832234,37.258486,-17.061041,1206.619074,46.191595,-21.363881,363.894706,26.716730,-12.732219,201.051275
1.845410,37.869430,-17.343639,1211.431216,46.542759,-21.531238,366.536370,26.599244,-12.676748,199.953757
1.857429,38.430730,-17.603330,1215.850879,46.862075,-21.683417,368.933335,26.534071,-12.645391,198.940979
1.869448,38.995864,-17.864848,1220.299259,47.180892,-21.835350,371.318137,26.506445,-12.631391,197.919148
1.878661,39.431687,-18.066562,1223.728735,47.425170,-21.951754,373.137999,26.508993,-12.631710,197.130712
1.887874,39.869761,-18.269349,1227.174946,47.669548,-22.068196,374.950580,26.529479,-12.640474,196.337498
1.897088,40.310088,-18.473210,1230.637824,47.914178,-22.184750,376.755824,26.565208,-12.656505,195.538273
1.910411,40.950823,-18.769908,1235.674760,48.268554,-22.353577,379.353311,26.635221,-12.688419,194.377146
1.923734,41.596285,-19.068859,1240.746216,48.624007,-22.522902,381.935291,26.730783,-12.733183,193.209202
1.937058,42.246493,-19.370070,1245.851966,48.980769,-22.692846,384.501661,26.832430,-12.781701,192.034664
1.950381,42.901463,-19.673549,1250.991809,49.339083,-22.863537,387.053932,26.958116,-12.842757,191.073296
1.965495,43.650271,-20.020584,1256.863631,49.747452,-23.058104,389.933677,27.086634,-12.906870,190.019272
1.980610,44.405263,-20.370566,1262.778856,50.157524,-23.253538,392.797500,27.181014,-12.956528,188.967614
1.995724,45.166461,-20.723506,1268.737239,50.568613,-23.449542,395.644890,27.217295,-12.980363,187.836109
2.010838,45.933874,-21.079410,1274.738536,50.979984,-23.645792,398.476248,27.210585,-12.985521,186.808697
2.025952,46.707502,-21.438280,1280.782510,51.390782,-23.841908,401.291992,27.141758,-12.962710,185.789822
2.041067,47.487327,-21.800110,1286.868925,51.800064,-24.037462,404.092370,27.008285,-12.910455,184.777539
2.056181,48.273321,-22.164889,1292.997550,52.206868,-24.232015,406.877535,26.812255,-12.829391,183.774079
2.074969,49.258885,-22.622410,1300.674239,52.707700,-24.471813,410.318392,26.486203,-12.690141,182.513042
2.093756,50.253801,-23.084413,1308.415352,53.201720,-24.708672,413.735714,26.089333,-12.517182,181.262389
2.112544,51.257928,-23.550834,1316.220449,53.687785,-24.942037,417.129525,25.646594,-12.321511,180.013946
2.131332,52.271105,-24.021604,1324.089086,54.165278,-25.171591,420.499664,25.184646,-12.115032,178.743479
2.150120,53.293178,-24.496653,1332.020863,54.634677,-25.397526,423.849787,24.793186,-11.940095,177.897009
2.168908,54.324002,-24.975916,1340.015431,55.097279,-25.620417,427.185612,24.476149,-11.798181,177.300921
2.187695,55.363459,-25.459341,1348.072534,55.554506,-25.840893,430.510350,24.221060,-11.683117,176.690809
2.206483,56.411465,-25.946890,1356.191991,56.007756,-26.059572,433.824270,24.043768,-11.602596,176.064666
2.225271,57.467963,-26.438536,1364.373619,56.458498,-26.277110,437.126488,23.951870,-11.560626,175.421527
2.244059,58.532919,-26.934264,1372.617191,56.908287,-26.494212,440.416280,23.943961,-11.557129,174.761367
2.262847,59.606328,-27.434073,1380.922453,57.358623,-26.711571,443.693335,24.009978,-11.588043,174.085863
2.289073,61.118933,-28.138624,1392.618881,57.990420,-27.016475,448.246302,24.192090,-11.674162,173.122119
2.309003,62.279480,-28.679378,1401.586645,58.474218,-27.249931,451.689153,24.364523,-11.757067,172.380043
2.328933,63.449702,-29.224800,1410.622873,58.961490,-27.485075,455.117170,24.530935,-11.838974,171.629049
2.348863,64.629667,-29.774925,1419.727274,59.451801,-27.721741,458.530279,24.662453,-11.906591,170.883267
2.368792,65.819428,-30.329780,1428.899551,59.944178,-27.959515,461.928568,24.733936,-11.948098,170.145359
2.388722,67.019012,-30.889379,1438.139409,60.437236,-28.197786,465.312220,24.728196,-11.955151,169.416084
2.408652,68.228417,-31.453726,1447.446557,60.929348,-28.435822,468.681451,24.638261,-11.923993,168.697677
2.428581,69.447607,-32.022809,1456.820711,61.418850,-28.672860,472.036485,24.467558,-11.855594,167.990907
2.448511,70.676515,-32.596601,1466.261590,61.904237,-28.908202,475.377500,24.228570,-11.755101,167.290214
2.473369,72.222799,-33.318826,1478.130225,62.502153,-29.198536,479.524942,23.863488,-11.597186,166.397308
2.493295,73.472903,-33.902915,1487.717973,62.974597,-29.428281,482.833590,23.555072,-11.461675,165.702561
2.513220,74.732355,-34.491553,1497.371463,63.440441,-29.655087,486.124572,23.207444,-11.305124,164.613632
2.533146,76.001024,-35.084680,1507.090335,63.899765,-29.878946,489.394377,22.897670,-11.164385,163.513188
2.553071,77.278789,-35.682244,1516.874151,64.353477,-30.100406,492.641513,22.656134,-11.070772,162.395489
2.572997,78.565550,-36.284204,1526.722439,64.803021,-30.320337,495.865825,22.487971,-11.018443,161.259996
2.592922,79.861235,-36.890534,1536.634735,65.249890,-30.539496,499.067383,22.385956,-10.990839,160.109420
2.606475,80.747622,-37.305445,1543.413289,65.552118,-30.687953,501.225426,22.213641,-10.915834,158.307841
2.620028,81.638086,-37.722359,1550.220888,65.851146,-30.834938,503.351403,21.881736,-10.757244,155.160868
2.630175,82.307358,-38.035773,1555.336021,66.072054,-30.943539,504.914539,21.642205,-10.638914,152.798709
2.640321,82.978859,-38.350283,1560.466893,66.290413,-31.050864,506.452619,21.407228,-10.519602,150.431393
2.650467,83.652562,-38.665875,1565.613237,66.506385,-31.156961,507.966555,21.177005,-10.399661,148.082762
2.660614,84.328443,-38.982537,1570.774808,66.720004,-31.261820,509.456543,20.935847,-10.271761,145.658419
2.670760,85.006479,-39.300256,1575.951377,66.931271,-31.365415,510.922756,20.705311,-10.146755,143.340184
2.691027,86.367202,-39.938008,1586.335431,67.345890,-31.568325,513.779578,20.208338,-9.874440,138.595929
2.711295,87.736221,-40.579813,1596.776411,67.749865,-31.765409,516.539250,19.654511,-9.571437,133.742073
2.731562,89.113313,-41.225551,1607.272356,68.142272,-31.956194,519.201936,19.061135,-9.250398,128.989040
2.747573,90.206765,-41.738378,1615.601726,68.443451,-32.102180,521.237349,18.554887,-8.982011,125.258422
2.763584,91.304972,-42.253508,1623.963197,68.736129,-32.243709,523.211986,17.999360,-8.694566,121.416731
2.779595,92.407795,-42.770867,1632.355804,69.019837,-32.380644,525.126259,17.428827,-8.405827,117.682817
2.795606,93.515085,-43.290381,1640.778570,69.294071,-32.512841,526.979592,16.820665,-8.105497,113.838069
2.811617,94.626689,-43.811974,1649.230530,69.558595,-32.640294,528.772455,16.212497,-7.811762,110.097674
2.827628,95.742451,-44.335570,1657.710708,69.813243,-32.763024,530.504770,15.592256,-7.518296,106.302236
2.843639,96.862210,-44.861094,1666.218135,70.057984,-32.881108,532.176333,14.975605,-7.231654,102.498895
2.869402,98.671938,-45.710544,1679.961614,70.431431,-33.061728,534.737894,14.010716,-6.790480,96.356197
2.888645,100.029837,-46.348006,1690.269385,70.694480,-33.189417,536.547886,13.326240,-6.480790,91.754815
2.907889,101.392675,-46.987869,1700.611133,70.944677,-33.311293,538.269222,12.679735,-6.188196,87.143172
2.920672,102.300594,-47.414192,1707.498924,71.104328,-33.389290,539.364935,12.298605,-6.015140,84.269723
2.923229,102.482421,-47.499575,1708.878149,71.135781,-33.404675,539.580423,12.285842,-6.010900,84.152001
2.925785,102.664328,-47.584998,1710.257925,71.167184,-33.420042,539.795482,12.273731,-6.006876,84.034165
2.928342,102.846316,-47.670460,1711.638251,71.198552,-33.435396,540.010196,12.262258,-6.003056,83.916225
2.933455,103.210531,-47.841501,1714.400545,71.261204,-33.466075,540.438704,12.241138,-5.995971,83.680039
2.938568,103.575066,-48.012699,1717.165027,71.323752,-33.496719,540.865984,12.222356,-5.989562,83.443435
2.943682,103.939921,-48.184054,1719.931690,71.386208,-33.527331,541.292046,12.205765,-5.983739,83.206427
2.957971,104.961220,-48.663744,1727.674806,71.560340,-33.612728,542.476231,12.169566,-5.969765,82.541971
2.972260,105.985004,-49.144654,1735.434781,71.734028,-33.697933,543.650899,12.145023,-5.957452,81.874765
2.986549,107.011268,-49.626779,1743.211472,71.907432,-33.782966,544.816127,12.128818,-5.945253,81.217308
3.000838,108.040007,-50.110118,1751.004743,72.080573,-33.867785,545.971583,12.108014,-5.927264,80.512405
3.024362,109.738963,-50.908453,1763.870244,72.364704,-34.006677,547.850860,12.052047,-5.881124,79.258875
3.026961,109.927050,-50.996842,1765.294152,72.395945,-34.021919,548.056149,12.005849,-5.856368,78.834805
3.029559,110.115218,-51.085271,1766.718592,72.427077,-34.037102,548.260417,11.959242,-5.831370,78.410704
3.032158,110.303466,-51.173739,1768.143561,72.458091,-34.052222,548.463610,11.912222,-5.806131,77.986630
3.037355,110.680204,-51.350792,1770.995073,72.519749,-34.082262,548.866700,11.816853,-5.754923,77.138727
3.042552,111.057261,-51.528001,1773.848667,72.580908,-34.112034,549.265395,11.719589,-5.702716,76.290954
3.047750,111.434635,-51.705364,1776.704320,72.641556,-34.141533,549.659689,11.620332,-5.649502,75.443368
3.064164,112.628581,-52.266543,1785.736907,72.829759,-34.232906,550.877043,11.306494,-5.481458,72.868620
3.080579,113.825573,-52.829200,1794.789144,73.012492,-34.321379,552.051076,10.956641,-5.297383,70.195748
3.096994,115.025517,-53.393283,1803.860291,73.189323,-34.406775,553.181433,10.584158,-5.104979,67.524592
3.113409,116.228313,-53.958742,1812.949637,73.359997,-34.489018,554.268880,10.204823,-4.912753,64.956427
3.129824,117.433857,-54.525524,1822.056474,73.524163,-34.568001,555.313102,9.795656,-4.710259,62.291758
3.146238,118.642042,-55.093577,1831.180102,73.681689,-34.643731,556.314869,9.391609,-4.514481,59.750716
3.162653,119.852761,-55.662847,1840.319850,73.832798,-34.716383,557.276904,9.014817,-4.335857,57.452853
3.180926,121.203411,-56.297943,1850.512588,73.993533,-34.793747,558.301890,8.582191,-4.134813,54.788785
3.199200,122.556928,-56.934420,1860.723614,74.146512,-34.867540,559.278772,8.161725,-3.942874,52.149011
3.217473,123.913171,-57.572214,1870.952047,74.291945,-34.937910,560.207487,7.756074,-3.759917,49.504586
3.235746,125.272005,-58.211264,1881.197007,74.430140,-35.005024,561.087908,7.370022,-3.586719,46.856943
3.256457,126.815033,-58.936988,1892.827189,74.578475,-35.077370,562.027211,6.958726,-3.401591,43.849617
3.277167,128.361047,-59.664170,1904.476179,74.718551,-35.145982,562.904188,6.574901,-3.226394,40.837866
3.297878,129.909880,-60.392736,1916.142686,74.850913,-35.211034,563.718740,6.213505,-3.057457,37.822203
3.301214,130.159666,-60.510240,1918.023829,74.871539,-35.221185,563.844042,6.150404,-3.027430,37.288187
3.304551,130.409520,-60.627778,1919.905387,74.891899,-35.231210,563.967151,6.056115,-2.982324,36.519328
3.307887,130.659442,-60.745349,1921.787351,74.911957,-35.241089,564.087777,5.962121,-2.937233,35.750410
3.311224,130.909430,-60.862952,1923.669714,74.931700,-35.250817,564.205821,5.868385,-2.892140,34.981459
3.317897,131.409602,-61.098256,1927.435600,74.970228,-35.269812,564.434060,5.681498,-2.801869,33.443303
3.324571,131.910026,-61.333684,1931.202974,75.007476,-35.288186,564.651777,5.494316,-2.710983,31.898757
3.331244,132.410695,-61.569232,1934.971767,75.043484,-35.305957,564.859246,5.307366,-2.619760,30.354232
3.337917,132.911600,-61.804897,1938.741910,75.078267,-35.323129,565.056579,5.120344,-2.528093,28.809981
3.344591,133.412733,-62.040675,1942.513335,75.111814,-35.339694,565.243704,4.932966,-2.435876,27.266027
3.365399,134.976730,-62.776551,1954.280822,75.208534,-35.387446,565.762385,4.343447,-2.143911,22.455559
3.382202,136.241017,-63.371442,1963.790073,75.277655,-35.421546,566.108596,3.870742,-1.908462,18.672140
3.385562,136.494010,-63.490487,1965.692589,75.290497,-35.427877,566.170040,3.772276,-1.859447,17.896847
3.388923,136.747045,-63.609553,1967.595306,75.303016,-35.434047,566.228945,3.677200,-1.812057,17.150555
3.392283,137.000122,-63.728640,1969.498218,75.315311,-35.440103,566.286060,3.625454,-1.785391,16.729960
3.397444,137.388850,-63.911559,1972.420871,75.333832,-35.449219,566.370881,3.544988,-1.743985,16.084368
3.402605,137.777672,-64.094525,1975.343953,75.351921,-35.458114,566.452272,3.463289,-1.702036,15.439162
3.407765,138.166586,-64.277536,1978.267446,75.369580,-35.466788,566.530302,3.380342,-1.659560,14.794386
3.425448,139.499771,-64.904904,1988.286929,75.426748,-35.494813,566.772464,3.086542,-1.510420,12.588130
3.443130,140.833914,-65.532742,1998.310315,75.478813,-35.520265,566.977367,2.798891,-1.366062,10.534813
3.444952,140.971505,-65.597492,1999.343852,75.483916,-35.522755,566.996583,2.791071,-1.361710,10.491263
3.446775,141.109106,-65.662248,2000.377424,75.488998,-35.525234,567.015685,2.783119,-1.357320,10.447745
3.448598,141.246717,-65.727007,2001.411031,75.494065,-35.527705,567.034696,2.775038,-1.352894,10.404253
3.452244,141.521965,-65.856540,2003.478348,75.504153,-35.532621,567.072477,2.758507,-1.343945,10.317338
3.455890,141.797251,-65.986091,2005.545803,75.514179,-35.537504,567.109935,2.741504,-1.334878,10.230517
3.459535,142.072572,-66.115660,2007.613394,75.524141,-35.542354,567.147076,2.724056,-1.325709,10.143786
3.475886,143.307825,-66.696987,2016.888148,75.567996,-35.563688,567.309772,2.641748,-1.284047,9.755640
3.492237,144.543782,-67.278656,2026.165502,75.610461,-35.584341,567.466129,2.554492,-1.242255,9.368598
3.508588,145.780421,-67.860657,2035.445358,75.651495,-35.604322,567.616158,2.465879,-1.201429,8.982093
3.528808,147.310569,-68.580804,2046.924160,75.700818,-35.627968,567.793084,2.407472,-1.138762,8.517315
3.549028,148.841703,-69.301418,2058.406436,75.748644,-35.650282,567.958343,2.330187,-1.067828,7.849405
3.565532,150.092151,-69.889923,2067.780896,75.785894,-35.667186,568.078487,2.192557,-0.981862,6.744604
3.582035,151.343197,-70.478698,2077.157207,75.821010,-35.682788,568.181358,2.054208,-0.904056,5.640008
3.598539,152.594804,-71.067720,2086.535076,75.853814,-35.697155,568.265809,1.913972,-0.834733,4.535858
3.601840,152.845190,-71.185552,2088.410809,75.860086,-35.699890,568.280425,1.885598,-0.821892,4.315108
3.605141,153.095596,-71.303393,2090.286589,75.866263,-35.702582,568.294307,1.857103,-0.809366,4.094380
3.608441,153.346022,-71.421243,2092.162413,75.872345,-35.705234,568.307458,1.828489,-0.797142,3.873686
3.615043,153.846932,-71.656968,2095.914166,75.883742,-35.710189,568.327959,1.660904,-0.721027,2.610728
3.621644,154.347912,-71.892723,2099.666021,75.894002,-35.714631,568.339914,1.468220,-0.634179,1.163628
3.628246,154.848956,-72.128506,2103.417923,75.903034,-35.718525,568.342653,1.275155,-0.548281,-0.283069
3.638783,155.648826,-72.504907,2109.406600,75.914822,-35.723584,568.327368,0.966161,-0.412776,-2.591454
3.649321,156.448801,-72.881354,2115.394978,75.923361,-35.727229,568.287861,0.656284,-0.278840,-4.898503
3.659858,157.248848,-73.257831,2121.382805,75.928593,-35.729448,568.223764,0.339572,-0.143000,-7.249721
3.677864,158.616026,-73.901177,2131.612712,75.929954,-35.729999,568.058050,-0.192308,0.082964,-11.183621
3.680672,158.829257,-74.001517,2133.207926,75.929298,-35.729717,568.025786,-0.275357,0.118240,-11.796587
3.683480,159.042485,-74.101855,2134.803047,75.928408,-35.729335,567.991798,-0.358418,0.153559,-12.409396
3.686289,159.255711,-74.202191,2136.398070,75.927285,-35.728854,567.956090,-0.441488,0.188932,-13.022049
3.691905,159.682151,-74.402861,2139.587803,75.924591,-35.727715,567.881402,-0.540289,0.227532,-13.742102
3.697522,160.108575,-74.603523,2142.777109,75.921483,-35.726425,567.803730,-0.590259,0.242937,-14.095059
3.703138,160.534981,-74.804178,2145.965972,75.918049,-35.725027,567.723741,-0.640297,0.258728,-14.447769
3.712102,161.215462,-75.124396,2151.054296,75.911971,-35.722597,567.591857,-0.720188,0.284915,-15.010214
3.721066,161.895884,-75.444591,2156.141412,75.905164,-35.719920,567.454840,-0.800018,0.312466,-15.572110
3.730029,162.576243,-75.764761,2161.227278,75.897638,-35.716987,567.312756,-0.879658,0.341551,-16.133468
3.750412,164.123003,-76.492675,2172.786887,75.877889,-35.709261,566.970965,-1.059124,0.414060,-17.407978
3.770794,165.669319,-77.220412,2184.339233,75.854516,-35.699954,566.603208,-1.235642,0.495328,-18.679880
3.791176,167.215123,-77.947941,2195.883814,75.827647,-35.688935,566.209993,-1.404046,0.582557,-19.916456
3.818305,169.271653,-78.915886,2211.236585,75.786716,-35.671401,565.647991,-1.618156,0.706138,-21.531396
3.821314,169.499652,-79.023201,2212.938251,75.781798,-35.669247,565.582828,-1.649163,0.724211,-21.768419
3.824322,169.727635,-79.130510,2214.639722,75.776776,-35.667034,565.516877,-1.686322,0.745391,-22.052545
3.827331,169.955604,-79.237811,2216.340993,75.771646,-35.664759,565.450093,-1.723380,0.766635,-22.336586
3.833348,170.411494,-79.452394,2219.742922,75.761053,-35.660017,565.313970,-1.797217,0.809267,-22.904459
3.839365,170.867318,-79.666946,2223.144021,75.750018,-35.655018,565.174441,-1.870681,0.852034,-23.472022
3.845382,171.323075,-79.881468,2226.544270,75.738542,-35.649762,565.031500,-1.943799,0.894862,-24.039277
3.848717,171.575624,-80.000342,2228.428256,75.731925,-35.646699,564.950287,-1.984138,0.918601,-24.353484
3.852052,171.828151,-80.119206,2230.311968,75.725174,-35.643556,564.868026,-2.024381,0.942306,-24.667587
3.858721,172.333158,-80.356911,2234.078826,75.711194,-35.637012,564.699815,-2.152112,1.012605,-25.654167
3.859368,172.382121,-80.379957,2234.444020,75.709793,-35.636352,564.683155,-2.165929,1.020116,-25.760786
3.859636,172.402435,-80.389519,2234.595528,75.709211,-35.636077,564.676232,-2.171660,1.023231,-25.805018
3.859905,172.422748,-80.399080,2234.747035,75.708626,-35.635802,564.669296,-2.177391,1.026346,-25.849250
3.860012,172.430873,-80.402905,2234.807637,75.708117,-35.635558,564.664436,-4.747931,2.272436,-45.284743
3.860121,172.439167,-80.406809,2234.869493,75.707597,-35.635309,564.659475,-4.747761,2.272493,-45.283917
3.860231,172.447460,-80.410712,2234.931349,75.707077,-35.635060,564.654515,-4.747591,2.272550,-45.283092
3.861326,172.530391,-80.449748,2235.549876,75.701877,-35.632571,564.604913,-4.745886,2.273116,-45.274836
3.862422,172.613317,-80.488780,2236.168350,75.696679,-35.630080,564.555321,-4.744177,2.273677,-45.266584
3.863517,172.696236,-80.527810,2236.786769,75.691483,-35.627589,564.505738,-4.742464,2.274232,-45.258336
3.874472,173.525119,-80.917958,2242.967972,75.639597,-35.602633,564.010184,-4.731459,2.282446,-45.224150
3.885426,174.353435,-81.307833,2249.143749,75.587849,-35.577600,563.515122,-4.715442,2.287353,-45.154550
3.896381,175.181185,-81.697433,2255.314108,75.536281,-35.552522,563.020853,-4.699314,2.290922,-45.085220
3.907336,176.008371,-82.086758,2261.479056,75.484890,-35.527414,562.527342,-4.683256,2.292894,-45.016146
3.947670,179.049216,-83.517873,2284.131724,75.297130,-35.435019,560.716729,-4.627295,2.284880,-44.764591
3.988004,182.082531,-84.945277,2306.711566,75.111452,-35.343426,558.916205,-4.580347,2.253382,-44.515693
4.028339,185.108392,-86.369017,2329.218996,74.927537,-35.253435,557.126268,-4.539374,2.205797,-44.233732
4.068673,188.126863,-87.789162,2351.654436,74.744958,-35.165282,555.346374,-4.516953,2.164436,-44.037488
4.089377,189.673392,-88.516751,2363.142721,74.651616,-35.120656,554.436175,-4.500099,2.145279,-43.888962
4.110081,191.217991,-89.243419,2374.612193,74.558628,-35.076383,553.529043,-4.482749,2.131183,-43.741056
4.130784,192.760668,-89.969172,2386.062907,74.465885,-35.032282,552.623991,-4.476383,2.128588,-43.688102
4.151870,194.329842,-90.707380,2397.705684,74.371720,-34.987435,551.704375,-4.455384,2.124873,-43.538327
4.172956,195.897035,-91.444643,2409.329104,74.278020,-34.942623,550.787908,-4.432258,2.125276,-43.389462
4.194041,197.462258,-92.180960,2420.933233,74.184830,-34.897776,549.874569,-4.407087,2.128262,-43.241587
4.215576,199.058768,-92.931970,2432.764466,74.090090,-34.851837,548.943982,-4.391938,2.138204,-43.186119
4.237110,200.653244,-93.681989,2444.575683,73.995822,-34.805761,548.015601,-4.363257,2.141045,-43.036639
4.258645,202.245695,-94.431016,2456.366941,73.902163,-34.759647,547.090330,-4.335356,2.141896,-42.897349
4.295664,204.978539,-95.716324,2476.590463,73.742471,-34.680484,545.506227,-4.292143,2.135943,-42.685376
4.332683,207.705498,-96.998710,2496.755486,73.584308,-34.601755,543.929937,-4.252646,2.118382,-42.475281
4.369702,210.426629,-98.278198,2516.862313,73.427598,-34.523861,542.362050,-4.213575,2.089748,-42.231501
4.379226,211.125759,-98.606907,2522.025826,73.387512,-34.503998,541.960142,-4.204268,2.081318,-42.167989
4.388750,211.824507,-98.935426,2527.185512,73.347455,-34.484188,541.558386,-4.207538,2.078841,-42.199462
4.398274,212.522873,-99.263758,2532.341372,73.307424,-34.464430,541.156783,-4.198801,2.070280,-42.135925
4.419976,214.112758,-100.011198,2544.075309,73.216512,-34.419704,540.243942,-4.179654,2.051597,-41.991633
4.441677,215.700674,-100.757672,2555.789470,73.126008,-34.375362,539.334225,-4.161134,2.034904,-41.848012
4.463378,217.286631,-101.503186,2567.483923,73.035906,-34.331350,538.427617,-4.142650,2.021081,-41.705074
4.492518,219.413085,-102.502719,2583.155601,72.915392,-34.272557,537.213766,-4.129059,2.013814,-41.608820
4.521657,221.536029,-103.500541,2598.791970,72.795047,-34.213973,536.004116,-4.131067,2.006861,-41.416675
4.550796,223.655462,-104.496658,2614.393163,72.674439,-34.155492,534.799459,-4.147317,2.007069,-41.266127
4.557165,224.118272,-104.714167,2617.798686,72.648019,-34.142708,534.536729,-4.148757,2.007344,-41.231421
4.563535,224.580913,-104.931596,2621.202536,72.621592,-34.129921,534.274219,-4.149329,2.007674,-41.196865
4.569904,225.043386,-105.148943,2624.604714,72.595165,-34.117132,534.011928,-4.148970,2.008024,-41.162468
4.586325,226.234902,-105.708904,2633.368105,72.527080,-34.084153,533.336727,-4.143536,2.008778,-41.074573
4.602746,227.425301,-106.268325,2642.120419,72.459140,-34.051165,532.662959,-4.131572,2.008997,-40.987826
4.619167,228.614586,-106.827203,2650.861682,72.391447,-34.018182,531.990604,-4.113421,2.008303,-40.902532
4.626799,229.166949,-107.086767,2654.920575,72.360094,-34.002857,531.678591,-4.103027,2.007580,-40.863258
4.634431,229.719072,-107.346214,2658.977088,72.328824,-33.987540,531.366877,-4.091539,2.006561,-40.824202
4.642062,230.270958,-107.605544,2663.031223,72.297646,-33.972231,531.055460,-4.079085,2.005227,-40.785348
4.656442,231.310151,-108.093845,2670.663392,72.239174,-33.943421,530.469505,-4.053561,2.001820,-40.712622
4.670822,232.348506,-108.581732,2678.287142,72.181083,-33.914669,529.884591,-4.026146,1.997243,-40.640420
4.685201,233.386029,-109.069207,2685.902490,72.123391,-33.885990,529.300713,-3.997917,1.991547,-40.568602
4.726728,236.377625,-110.474658,2707.847509,71.959044,-33.803739,527.620921,-3.916307,1.967976,-40.328746
4.768254,239.362460,-111.876714,2729.722957,71.797514,-33.722472,525.949714,-3.868536,1.946340,-40.174589
4.809780,242.340620,-113.275414,2751.529172,71.637525,-33.642154,524.286292,-3.839611,1.920752,-39.923305
4.851307,245.312148,-114.670798,2773.266496,71.478009,-33.562686,522.632020,-3.848125,1.907813,-39.765907
4.869066,246.580934,-115.266544,2782.541777,71.409654,-33.528852,521.926768,-3.850569,1.902015,-39.657741
4.886825,247.848507,-115.861692,2791.804550,71.341247,-33.495113,521.223434,-3.853219,1.897556,-39.549969
4.904584,249.114865,-116.456240,2801.054849,71.272808,-33.461444,520.522008,-3.854293,1.894134,-39.442835
4.933839,251.198295,-117.434341,2816.265822,71.160030,-33.406041,519.369859,-3.856178,1.893313,-39.323287
4.963094,253.278427,-118.410822,2831.443146,71.047415,-33.350684,518.221552,-3.843726,1.891081,-39.180144
4.992349,255.355273,-119.385685,2846.586936,70.935328,-33.295410,517.077394,-3.819657,1.887731,-39.039674
5.002786,256.095393,-119.733074,2851.981368,70.895522,-33.275717,516.670208,-3.808417,1.886063,-38.990182
5.013223,256.835098,-120.080259,2857.371553,70.855840,-33.256043,516.263538,-3.795987,1.884052,-38.940961
5.023659,257.574389,-120.427238,2862.757496,70.816293,-33.236392,515.857381,-3.782583,1.881680,-38.891984
5.031258,258.112378,-120.679730,2866.676115,70.787590,-33.222102,515.561995,-3.772331,1.879718,-38.856465
5.038856,258.650148,-120.932114,2870.592490,70.758966,-33.207827,515.266879,-3.761771,1.877558,-38.821049
5.046455,259.187701,-121.184390,2874.506624,70.730423,-33.193570,514.972031,-3.751000,1.875203,-38.785724
5.092793,262.461201,-122.720506,2898.327820,70.558154,-33.107093,513.180208,-3.682887,1.855792,-38.548081
5.139131,265.726784,-124.252635,2922.066217,70.388616,-33.021526,511.398048,-3.638044,1.837491,-38.384368
5.185469,268.984554,-125.780820,2945.722246,70.220872,-32.936898,509.625032,-3.604644,1.814096,-38.125031
5.231807,272.234573,-127.305105,2969.296356,70.054010,-32.853153,507.862577,-3.603153,1.801751,-37.960319
5.239380,272.765047,-127.553878,2973.141741,70.026724,-32.839514,507.575232,-3.601998,1.799334,-37.917888
5.246954,273.295316,-127.802548,2976.984951,69.999447,-32.825895,507.288208,-3.601042,1.797088,-37.875505
5.254528,273.825378,-128.051115,2980.825988,69.972177,-32.812292,507.001505,-3.600074,1.794992,-37.833197
5.287189,276.108790,-129.121827,2997.364814,69.854704,-32.753792,505.768812,-3.593611,1.787233,-37.651907
5.319849,278.388368,-130.190632,3013.863460,69.737435,-32.695464,504.541099,-3.587983,1.784328,-37.528182
5.352510,280.664122,-131.257533,3030.322081,69.620548,-32.637258,503.317789,-3.570695,1.779819,-37.382192
5.372989,282.089125,-131.925534,3040.621631,69.547589,-32.600844,502.553168,-3.555334,1.776510,-37.291900
5.393468,283.512637,-132.592791,3050.905541,69.474970,-32.564504,501.790387,-3.536912,1.772533,-37.202507
5.413946,284.934667,-133.259304,3061.173849,69.402753,-32.528254,501.029430,-3.516159,1.767725,-37.113793
5.422197,285.507189,-133.527634,3065.306580,69.373778,-32.513678,500.723351,-3.507326,1.765542,-37.078219
5.430448,286.079473,-133.795844,3069.436786,69.344876,-32.499120,500.417565,-3.498341,1.763219,-37.042727
5.438699,286.651518,-134.063935,3073.564471,69.316048,-32.484582,500.112072,-3.489284,1.760759,-37.007307
5.480526,289.547719,-135.421111,3094.450032,69.171077,-32.411241,498.568267,-3.442277,1.745353,-36.809490
5.522352,292.437891,-136.775233,3115.271174,69.027765,-32.338502,497.031488,-3.412522,1.733206,-36.686833
5.564179,295.322095,-138.126325,3136.028175,68.885634,-32.266353,495.501221,-3.382613,1.715489,-36.469969
5.606005,298.200377,-139.474413,3156.721358,68.744580,-32.194926,493.980336,-3.363579,1.700026,-36.253954
5.620091,299.168376,-139.927741,3163.675947,68.697151,-32.170967,493.469515,-3.370599,1.701583,-36.275196
5.634177,300.135707,-140.380731,3170.623344,68.649687,-32.147043,492.959056,-3.368691,1.695292,-36.202478
5.648263,301.102368,-140.833386,3177.563557,68.602083,-32.123344,492.449626,-3.390007,1.669836,-36.129228
5.664988,302.249263,-141.370420,3185.794746,68.545197,-32.095649,491.846086,-3.413173,1.641411,-36.042737
5.681713,303.395204,-141.906994,3194.015855,68.487969,-32.068395,491.243985,-3.431887,1.616391,-35.956940
5.698438,304.540185,-142.443116,3202.226905,68.430485,-32.041518,490.643312,-3.444496,1.595818,-35.871972
5.724679,306.334658,-143.283359,3215.089363,68.339840,-31.999862,489.702399,-3.461407,1.579904,-35.833874
5.744733,307.704488,-143.924783,3224.902921,68.270515,-31.968278,488.984900,-3.451670,1.572476,-35.734547
5.764788,309.072930,-144.565575,3234.702109,68.201479,-31.936754,488.269206,-3.430281,1.572843,-35.636655
5.784842,310.439992,-145.205735,3244.486962,68.132972,-31.905154,487.555451,-3.398855,1.579749,-35.540097
5.804897,311.805688,-145.845259,3254.257520,68.065175,-31.873370,486.843646,-3.359992,1.591317,-35.444675
5.827544,313.346339,-146.566703,3265.274248,67.989493,-31.837093,486.041115,-3.322838,1.613196,-35.431079
5.850192,314.885287,-147.287321,3276.272820,67.914828,-31.800387,485.240086,-3.273437,1.628798,-35.324484
5.872839,316.422555,-148.007104,3287.253275,67.841199,-31.763337,484.441108,-3.228778,1.640997,-35.219968
5.895487,317.958167,-148.726045,3298.215657,67.768472,-31.726066,483.644348,-3.194910,1.648333,-35.133635
5.918134,319.492140,-149.444140,3309.160017,67.696408,-31.688723,482.849687,-3.172010,1.648123,-35.046748
5.945862,321.367958,-150.322149,3322.534655,67.608686,-31.643150,481.879515,-3.160133,1.637057,-34.939473
5.973589,323.241346,-151.198900,3335.882434,67.521054,-31.598031,480.912270,-3.164664,1.615345,-34.831288
6.001316,325.112302,-152.074409,3349.203440,67.433145,-31.553643,479.948270,-3.178702,1.584758,-34.701386
6.029043,326.980814,-152.948700,3362.497767,67.344741,-31.510160,478.987853,-3.198461,1.550783,-34.569112
6.056771,328.846867,-153.821797,3375.765502,67.255631,-31.467540,478.029919,-3.229104,1.524010,-34.529867
6.084498,330.710439,-154.693723,3389.006708,67.165938,-31.425692,477.074535,-3.241029,1.496730,-34.399199
6.112225,332.571521,-155.564498,3402.221468,67.076009,-31.384470,476.122351,-3.241572,1.477545,-34.270289
6.139953,334.430108,-156.434135,3415.409860,66.986095,-31.343583,475.172545,-3.240391,1.473360,-34.235552
6.167680,336.286207,-157.302641,3428.571953,66.896591,-31.302792,474.225242,-3.214686,1.471808,-34.109862
6.195407,338.139834,-158.170016,3441.707823,66.807899,-31.261926,473.281040,-3.179200,1.476560,-33.985840
6.223134,339.991016,-159.036255,3454.817559,66.720285,-31.220877,472.340308,-3.138541,1.484423,-33.863147
6.255085,342.121154,-160.033013,3469.891711,66.620580,-31.173223,471.259223,-3.103642,1.498564,-33.814525
6.287035,344.248126,-161.028244,3484.931371,66.522110,-31.125293,470.181382,-3.064252,1.501680,-33.673944
6.318985,346.371969,-162.021942,3499.936658,66.424628,-31.077342,469.107313,-3.038997,1.497384,-33.548195
6.350936,348.492710,-163.014113,3514.907703,66.327806,-31.029705,468.037801,-3.023909,1.482074,-33.392681
6.382886,350.610361,-164.004769,3529.844634,66.231063,-30.982587,466.971671,-3.034546,1.465596,-33.343004
6.414836,352.724918,-164.993929,3544.747550,66.134069,-30.936189,465.908900,-3.041225,1.438869,-33.201928
6.446787,354.836371,-165.981621,3559.616575,66.036751,-30.890639,464.850157,-3.049725,1.411621,-33.061676
6.478737,356.944709,-166.967869,3574.451827,65.939030,-30.845836,463.794516,-3.065784,1.393331,-33.013614
6.510687,359.049921,-167.952696,3589.253401,65.841141,-30.801639,462.742153,-3.061688,1.375505,-32.875699
6.542638,361.152008,-168.936118,3604.021414,65.743492,-30.757874,461.693762,-3.047059,1.364965,-32.739687
6.574588,363.250984,-169.918147,3618.756000,65.646478,-30.714342,460.649749,-3.022488,1.361099,-32.605580
6.614042,365.838630,-171.128879,3636.904948,65.527748,-30.660545,459.364895,-2.994215,1.367950,-32.532232
6.653495,368.421619,-172.337487,3655.003308,65.410482,-30.606557,458.084967,-2.951612,1.370638,-32.369772
6.692949,371.000012,-173.543963,3673.051285,65.294751,-30.552476,456.810824,-2.914881,1.369083,-32.208316
6.700618,371.500647,-173.778218,3676.553449,65.272372,-30.541957,456.563570,-2.920687,1.373340,-32.267100
6.708286,372.001111,-174.012392,3680.053717,65.250005,-30.531436,456.316321,-2.915381,1.371771,-32.235610
6.715955,372.501403,-174.246486,3683.552089,65.227666,-30.520923,456.069231,-2.910563,1.369881,-32.204126
6.723624,373.001524,-174.480500,3687.048567,65.205360,-30.510425,455.822371,-2.906238,1.367668,-32.172656
6.738961,374.001254,-174.948285,3694.035852,65.160834,-30.489489,455.329371,-2.899041,1.362308,-32.109758
6.754298,375.000302,-175.415751,3701.015584,65.116404,-30.468647,454.837363,-2.893694,1.355773,-32.046925
6.769635,375.998669,-175.882898,3707.987778,65.072044,-30.447915,454.346328,-2.890017,1.348197,-31.984170
6.799035,377.910515,-176.777478,3721.331608,64.987109,-30.408535,453.407761,-2.886314,1.331704,-31.864199
6.822620,379.442426,-177.494294,3732.016346,64.918853,-30.377217,452.655967,-2.897081,1.322662,-31.857764
6.846205,380.972729,-178.210375,3742.683383,64.850558,-30.346208,451.905968,-2.896868,1.308010,-31.761802
6.869790,382.501421,-178.925729,3753.332758,64.782262,-30.315522,451.158067,-2.896025,1.294016,-31.666394
6.899143,384.401725,-179.815024,3766.561958,64.697306,-30.277760,450.230241,-2.892826,1.278340,-31.548544
6.928496,386.299534,-180.703214,3779.763936,64.612311,-30.240331,449.304413,-2.896896,1.271125,-31.520968
6.957849,388.194855,-181.590312,3792.938785,64.527684,-30.203302,448.381097,-2.871733,1.254047,-31.407075
6.987202,390.087703,-182.476330,3806.086581,64.443824,-30.166709,447.460812,-2.838947,1.238870,-31.294863
7.016555,391.978102,-183.361279,3819.207409,64.360911,-30.130482,446.543789,-2.806086,1.228952,-31.183136
7.045907,393.866074,-184.245166,3832.301339,64.278753,-30.094402,445.628660,-2.788026,1.229313,-31.160096
7.075260,395.751646,-185.127995,3845.368454,64.197284,-30.058367,444.715943,-2.764607,1.228266,-31.047487
7.104613,397.634836,-186.009768,3858.408824,64.116371,-30.022314,443.806227,-2.748890,1.229441,-30.934500
7.133966,399.515656,-186.890481,3871.422535,64.035818,-29.986220,442.899794,-2.740857,1.230778,-30.821279
7.163319,401.394110,-187.770134,3884.409659,63.955238,-29.950024,441.995305,-2.750456,1.235488,-30.796292
7.192672,403.270200,-188.648725,3897.370281,63.874546,-29.913833,441.093271,-2.752266,1.231560,-30.682945
7.222025,405.143921,-189.526256,3910.304470,63.793737,-29.877788,440.194186,-2.755218,1.223644,-30.574315
7.251378,407.015269,-190.402732,3923.212306,63.712826,-29.842013,439.297962,-2.758143,1.212563,-30.484922
7.283728,409.074931,-191.367488,3937.407618,63.623644,-29.803024,438.313352,-2.755800,1.196433,-30.387806
7.316078,411.131711,-192.330990,3951.571125,63.534613,-29.764582,437.331621,-2.747846,1.178812,-30.306856
7.348428,413.185618,-193.293259,3965.702931,63.446039,-29.726757,436.353203,-2.727436,1.158853,-30.189251
7.380778,415.236671,-194.254313,3979.803144,63.358198,-29.689543,435.378417,-2.701159,1.140976,-30.073153
7.413128,417.284892,-195.214171,3993.871854,63.271059,-29.652768,434.405834,-2.683084,1.131807,-30.045138
7.445478,419.330308,-196.172844,4007.909149,63.184750,-29.616335,433.436025,-2.653887,1.121923,-29.929956
7.477827,421.372945,-197.130343,4021.915127,63.099297,-29.580142,432.469610,-2.627985,1.116199,-29.814947
7.510177,423.412829,-198.086673,4035.889901,63.014598,-29.544085,431.506881,-2.607590,1.113573,-29.699906
7.542527,425.449979,-199.041837,4049.833563,62.930273,-29.508004,430.546386,-2.604861,1.117364,-29.671220
7.574877,427.484405,-199.995835,4063.746200,62.846189,-29.471911,429.588685,-2.596854,1.115785,-29.555480
7.607227,429.516115,-200.948665,4077.627914,62.762255,-29.435878,428.634392,-2.593233,1.112211,-29.440100
7.639577,431.545111,-201.900333,4091.478814,62.678401,-29.400002,427.683782,-2.591576,1.105533,-29.325478
7.671927,433.571393,-202.850844,4105.299001,62.594464,-29.364330,426.735748,-2.597682,1.099058,-29.277250
7.709337,435.911228,-203.948595,4121.242673,62.497412,-29.323487,425.642821,-2.593616,1.084642,-29.167552
7.746747,438.247438,-205.044830,4137.145540,62.400641,-29.283238,424.554133,-2.580637,1.066524,-29.039236
7.784157,440.580035,-206.139569,4153.007738,62.304223,-29.243569,423.468321,-2.572148,1.052809,-28.998414
7.821566,442.909037,-207.232835,4168.829381,62.208486,-29.204504,422.386131,-2.547242,1.035965,-28.872877
7.858976,445.234475,-208.324650,4184.610622,62.113678,-29.165993,421.308260,-2.519799,1.022425,-28.748523
7.896386,447.556380,-209.415031,4200.351597,62.019655,-29.127823,420.233260,-2.504113,1.017581,-28.710224
7.933796,449.874782,-210.503988,4216.052419,61.926439,-29.089895,419.161833,-2.480758,1.011483,-28.586204
7.971206,452.189710,-211.591530,4231.713240,61.833960,-29.052136,418.094685,-2.462719,1.007676,-28.462383
8.008616,454.501190,-212.677662,4247.334226,61.742057,-29.014508,417.032131,-2.450355,1.004409,-28.338828
8.046026,456.809235,-213.762388,4262.915518,61.650319,-28.976930,415.972507,-2.453585,1.004563,-28.300341
8.083436,459.113851,-214.845711,4278.457237,61.558695,-28.939503,414.916424,-2.448170,0.997506,-28.177320
8.120845,461.415043,-215.927640,4293.959527,61.467225,-28.902372,413.864547,-2.442606,0.987345,-28.055467
8.158255,463.712813,-217.008185,4309.422513,61.375776,-28.865573,412.815435,-2.445490,0.978920,-28.019593
8.195665,466.007167,-218.087362,4324.846319,61.284562,-28.829235,411.769758,-2.433124,0.963983,-27.900061
8.233075,468.298119,-219.165190,4340.231084,61.193841,-28.793444,410.728169,-2.416189,0.948617,-27.782105
8.270485,470.585688,-220.241689,4355.576964,61.103812,-28.758210,409.690937,-2.395476,0.934301,-27.665560
8.307895,472.869900,-221.316877,4370.884086,61.014375,-28.723385,408.656373,-2.383680,0.926706,-27.634227
8.345305,475.150779,-222.390769,4386.152570,60.925652,-28.688911,407.625070,-2.360945,0.917318,-27.518811
8.382715,477.428353,-223.463377,4401.382549,60.837698,-28.654725,406.597701,-2.340387,0.910578,-27.403897
8.420125,479.702645,-224.534708,4416.574137,60.750222,-28.620666,405.572850,-2.334512,0.910238,-27.374181
8.457534,481.973674,-225.604768,4431.727450,60.663176,-28.586720,404.551231,-2.321541,0.906078,-27.259220
8.464206,482.378344,-225.795468,4434.425861,60.647690,-28.580661,404.369438,-2.320627,0.909102,-27.238572
8.470878,482.782912,-225.986127,4437.123059,60.632200,-28.574545,404.187785,-2.322032,0.920890,-27.217335
8.477549,483.187376,-226.176745,4439.819046,60.616699,-28.568358,404.006245,-2.324290,0.932788,-27.202245
8.486695,483.741549,-226.437937,4443.511600,60.595417,-28.559687,403.757679,-2.327080,0.948100,-27.179134
8.495840,484.295528,-226.699048,4447.201883,60.574110,-28.550885,403.509323,-2.329769,0.962438,-27.156116
8.507752,485.016934,-227.039083,4452.006642,60.546337,-28.539317,403.186012,-2.333129,0.980122,-27.126234
8.519665,485.738008,-227.378978,4456.807553,60.518528,-28.527554,402.863055,-2.336142,0.995691,-27.096553
8.531577,486.458751,-227.718733,4461.604619,60.490686,-28.515623,402.540450,-2.338670,1.008815,-27.067108
8.556411,487.960243,-228.426571,4471.592890,60.432565,-28.490328,401.869023,-2.341921,1.027328,-27.006584
8.581244,489.460292,-229.133779,4481.564503,60.374405,-28.464726,401.199085,-2.341692,1.032572,-26.947387
8.606078,490.958897,-229.840351,4491.519498,60.316300,-28.439159,400.530598,-2.337413,1.024199,-26.889638
8.630912,492.456061,-230.546292,4501.457909,60.258349,-28.413950,399.863528,-2.329058,1.003550,-26.833371
8.659376,494.170317,-231.354667,4512.828788,60.192242,-28.385852,399.100643,-2.314963,0.968089,-26.770321
8.687840,495.882697,-232.162255,4524.177979,60.126589,-28.358885,398.339535,-2.297261,0.925351,-26.708389
8.716304,497.593215,-232.969093,4535.505527,60.061449,-28.333155,397.580016,-2.279381,0.882629,-26.659088
8.744768,499.301887,-233.775216,4546.811483,59.996879,-28.308605,396.822328,-2.257828,0.843902,-26.580337
8.773232,501.008730,-234.580655,4558.095902,59.932888,-28.285021,396.066791,-2.238244,0.815548,-26.501275
8.801696,502.713759,-235.385434,4569.358846,59.869418,-28.262065,395.313562,-2.221973,0.800506,-26.421564
8.830160,504.416985,-236.189562,4580.600368,59.806214,-28.239278,394.561540,-2.220586,0.804069,-26.422735
8.858625,506.118415,-236.993040,4591.820506,59.743160,-28.216270,393.810806,-2.212638,0.816179,-26.340845
8.887089,507.818053,-237.795857,4603.019304,59.680227,-28.192744,393.062034,-2.208527,0.838337,-26.258357
8.915553,509.515900,-238.597995,4614.196819,59.617373,-28.168492,392.315671,-2.207312,0.866357,-26.175659
8.944017,511.211958,-239.399430,4625.353115,59.554467,-28.143387,391.571208,-2.213284,0.897764,-26.135461
8.975684,513.096768,-240.290196,4637.739969,59.484342,-28.114481,390.744819,-2.216245,0.926796,-26.062685
9.007351,514.979357,-241.180033,4650.100690,59.414115,-28.084779,389.920510,-2.217493,0.946206,-25.990927
9.039018,516.859721,-242.068921,4662.435344,59.343905,-28.054662,389.098540,-2.215652,0.952955,-25.920715
9.070685,518.737863,-242.956854,4674.744001,59.273831,-28.024555,388.278886,-2.209970,0.946469,-25.852018
9.102352,520.613789,-243.843840,4687.026736,59.203999,-27.994849,387.461366,-2.200417,0.928424,-25.784733
9.134020,522.487510,-244.729895,4699.283616,59.134513,-27.965850,386.645879,-2.187613,0.902261,-25.718597
9.172473,524.759840,-245.804628,4714.132601,59.050728,-27.931850,385.658352,-2.169335,0.866123,-25.639416
9.210927,527.028963,-246.878080,4728.943679,58.967749,-27.899238,384.674478,-2.145816,0.831369,-25.525779
9.249381,529.294909,-247.950300,4743.716983,58.885439,-27.867698,383.693427,-2.136449,0.812119,-25.503946
9.287835,531.557701,-249.021322,4758.452615,58.803646,-27.836719,382.714903,-2.120331,0.802981,-25.402514
9.326288,533.817357,-250.091155,4773.150683,58.722307,-27.805771,381.739697,-2.108733,0.808337,-25.300446
9.364742,536.073891,-251.159789,4787.811306,58.641180,-27.774323,380.767307,-2.111652,0.829016,-25.275715
9.403196,538.327305,-252.227199,4802.434579,58.560146,-27.742063,379.797857,-2.104881,0.849734,-25.157455
9.441650,540.577604,-253.293351,4817.020634,58.479188,-27.708940,378.831765,-2.103896,0.871155,-25.076051
9.480103,542.824792,-254.358216,4831.569611,58.398319,-27.675125,377.869085,-2.101925,0.885610,-24.995652
9.531421,545.818904,-255.777273,4850.928186,58.290636,-27.629515,376.589409,-2.095204,0.888167,-24.890440
9.582739,548.807501,-257.193994,4870.221227,58.183429,-27.584273,375.314938,-2.082482,0.871440,-24.787217
9.622727,551.132459,-258.296332,4885.209404,58.100415,-27.549849,374.325350,-2.068872,0.849812,-24.705858
9.662714,553.454109,-259.397312,4900.158069,58.017984,-27.516358,373.338974,-2.053825,0.826707,-24.625253
9.702702,555.772474,-260.496973,4915.067352,57.936148,-27.483724,372.355747,-2.040023,0.807808,-24.552453
9.742690,558.087580,-261.595343,4929.937392,57.854896,-27.451718,371.375914,-2.024452,0.794884,-24.454460
9.782677,560.399449,-262.692441,4944.768327,57.774200,-27.420034,370.399893,-2.011356,0.790737,-24.356441
9.822665,562.708096,-263.788270,4959.560281,57.693836,-27.388287,369.426788,-2.009499,0.798203,-24.321822
9.862653,565.013536,-264.882825,4974.313396,57.613671,-27.356195,368.456350,-2.001251,0.807554,-24.223366
9.902640,567.315775,-265.976087,4989.027769,57.533702,-27.323635,367.489068,-1.996466,0.819696,-24.140865
9.942628,569.614817,-267.068036,5003.703513,57.453945,-27.290628,366.525289,-1.992112,0.830030,-24.060591
9.990107,572.340428,-268.362828,5021.078667,57.359532,-27.251047,365.385400,-1.985730,0.835704,-23.966403
10.037586,575.061566,-269.655738,5038.399821,57.265469,-27.211412,364.249892,-1.976899,0.832022,-23.873802
10.085065,577.778250,-270.946774,5055.667181,57.171865,-27.172161,363.118530,-1.965366,0.820013,-23.782762
10.132544,580.490504,-272.235962,5072.880924,57.078855,-27.133618,361.991389,-1.951865,0.803514,-23.692851
10.180023,583.198356,-273.523340,5090.041244,56.986538,-27.095890,360.868698,-1.936918,0.787149,-23.597352
10.227502,585.901843,-274.808944,5107.148369,56.894961,-27.058858,359.750851,-1.921065,0.774757,-23.489356
10.280107,588.892122,-276.231295,5126.040421,56.794127,-27.018236,358.516903,-1.914218,0.772178,-23.430988
10.322368,591.290618,-277.372444,5141.170996,56.713304,-26.985906,357.528724,-1.912435,0.756046,-23.335638
10.364630,593.685701,-278.512234,5156.259879,56.632504,-26.954102,356.544213,-1.911024,0.744423,-23.240761
10.406891,596.077366,-279.650685,5171.307207,56.551633,-26.922703,355.562841,-1.915313,0.743841,-23.206932
10.442492,598.089427,-280.608677,5183.950772,56.483569,-26.896269,354.738398,-1.908507,0.746469,-23.127840
10.478092,600.099069,-281.565727,5196.565036,56.415769,-26.869631,353.916430,-1.898456,0.753258,-23.049478
10.513693,602.106302,-282.521825,5209.150079,56.348342,-26.842660,353.096882,-1.888342,0.762873,-22.990255
10.549293,604.111142,-283.476955,5221.705985,56.281340,-26.815343,352.279601,-1.876051,0.771395,-22.927249
10.584894,606.113605,-284.431108,5234.232835,56.214783,-26.787762,351.464511,-1.863320,0.776985,-22.864774
10.629126,608.598276,-285.615222,5249.756449,56.132699,-26.753335,350.454843,-1.848500,0.777971,-22.787817
10.673358,611.079330,-286.797813,5265.235479,56.051212,-26.719037,349.448545,-1.836347,0.771744,-22.711533
10.717590,613.556791,-287.978895,5280.670073,55.970189,-26.685160,348.445623,-1.827685,0.759568,-22.635561
10.761822,616.030676,-289.158492,5296.060379,55.889476,-26.651905,347.446077,-1.822387,0.744129,-22.559761
10.806054,618.500994,-290.336635,5311.406552,55.808970,-26.619359,346.450117,-1.817897,0.727903,-22.472473
10.850286,620.967756,-291.513353,5326.708756,55.728641,-26.587483,345.458081,-1.813767,0.714098,-22.380779
10.906929,624.121489,-293.018212,5346.240705,55.625857,-26.547308,344.192227,-1.815640,0.706697,-22.321873
10.963572,627.269406,-294.520806,5365.701103,55.523284,-26.507409,342.931362,-1.806078,0.704369,-22.205801
11.020215,630.411523,-296.021137,5385.090212,55.421089,-26.467319,341.674981,-1.800406,0.711388,-22.148481
11.076858,633.547869,-297.519187,5404.408298,55.319595,-26.426863,340.423746,-1.782796,0.716127,-22.030307
11.133501,636.678498,-299.014939,5423.655722,55.219359,-26.386295,339.180691,-1.753848,0.713379,-21.840623
11.190144,639.803495,-300.508399,5442.833032,55.120846,-26.346103,337.949119,-1.722634,0.703365,-21.627752
11.246788,642.922962,-301.999602,5461.940927,55.024109,-26.306703,336.730180,-1.694603,0.687805,-21.419402
11.303431,646.036997,-303.488602,5480.980134,54.928894,-26.268314,335.523170,-1.670077,0.668899,-21.215196
11.360074,649.145686,-304.975463,5499.951369,54.835271,-26.231132,334.329623,-1.634667,0.644140,-20.919167
11.369438,649.659102,-305.221068,5503.081178,54.819970,-26.225109,334.133813,-1.633528,0.642108,-20.902641
11.378802,650.172375,-305.466617,5506.209153,54.804684,-26.219108,333.938192,-1.632406,0.640151,-20.886138
11.388166,650.685505,-305.712110,5509.335297,54.789404,-26.213123,333.742698,-1.631294,0.638279,-20.869655
11.397531,651.198491,-305.957546,5512.459612,54.774132,-26.207154,333.547337,-1.630185,0.636502,-20.853193
11.406895,651.711335,-306.202927,5515.582098,54.758871,-26.201201,333.352131,-1.629070,0.634828,-20.836754
11.425623,652.736594,-306.693522,5521.821590,54.728377,-26.189338,332.962161,-1.626797,0.631811,-20.803947
11.444352,653.761283,-307.183895,5528.053784,54.697928,-26.177529,332.572820,-1.624423,0.629264,-20.771241
11.463080,654.785402,-307.674047,5534.278692,54.667528,-26.165763,332.184107,-1.621899,0.627204,-20.738640
11.481808,655.808951,-308.163980,5540.496325,54.637178,-26.154032,331.796009,-1.619187,0.625628,-20.706150
11.489852,656.248406,-308.374345,5543.164660,54.624158,-26.149002,331.629503,-1.617957,0.625095,-20.692230
11.497897,656.687757,-308.584671,5545.831656,54.611148,-26.143975,331.463108,-1.616684,0.624644,-20.678332
11.505941,657.127004,-308.794956,5548.497321,54.598363,-26.139039,331.298322,-1.575448,0.607889,-20.385398
11.515240,657.634643,-309.037995,5551.577165,54.583672,-26.133368,331.108497,-1.573938,0.607582,-20.369938
11.524539,658.142145,-309.280981,5554.655243,54.569028,-26.127713,330.919038,-1.572370,0.607367,-20.354522
11.533837,658.649512,-309.523915,5557.731560,54.554409,-26.122063,330.729797,-1.570743,0.607237,-20.339139
11.557034,659.914589,-310.129706,5565.398040,54.518012,-26.107971,330.258355,-1.566433,0.607192,-20.300898
11.580232,661.178824,-310.735169,5573.053594,54.481704,-26.093870,329.787686,-1.563306,0.608076,-20.273427
11.603429,662.442219,-311.340306,5580.698248,54.445584,-26.079793,329.318431,-1.553076,0.606329,-20.198693
11.638974,664.376530,-312.266938,5592.391268,54.390684,-26.058297,328.602595,-1.537115,0.603594,-20.085406
11.674519,666.308901,-313.192808,5604.058919,54.336342,-26.036903,327.890671,-1.521011,0.600426,-19.973590
11.710064,668.239351,-314.117920,5615.701338,54.282565,-26.015638,327.182667,-1.505025,0.596455,-19.863213
11.762439,671.080340,-315.479672,5632.810323,54.204340,-25.984597,326.146518,-1.482113,0.588764,-19.703117
11.814814,673.917258,-316.839809,5649.865225,54.127277,-25.954015,325.118686,-1.460585,0.578656,-19.545910
11.867189,676.750169,-318.198359,5666.866513,54.051292,-25.924015,324.099025,-1.440863,0.566555,-19.391437
11.919564,679.579127,-319.555355,5683.814614,53.976297,-25.894674,323.087391,-1.422864,0.553545,-19.239577
11.971939,682.404178,-320.910830,5700.709915,53.902040,-25.865933,322.082444,-1.412244,0.543428,-19.132400
12.024313,685.225352,-322.264811,5717.552712,53.828234,-25.837645,321.082405,-1.406644,0.536679,-19.058371
12.032146,685.646899,-322.467159,5720.066891,53.817220,-25.833445,320.933183,-1.405788,0.535853,-19.047348
12.039978,686.068361,-322.669474,5722.579908,53.806409,-25.829330,320.785388,-1.367368,0.519892,-18.779203
12.047810,686.489739,-322.871757,5725.091770,53.795671,-25.825248,320.638124,-1.366530,0.519192,-18.768613
12.061248,687.212395,-323.218702,5729.397097,53.777328,-25.818284,320.386156,-1.365008,0.518191,-18.750506
12.074686,687.934805,-323.565552,5733.699041,53.759006,-25.811332,320.134431,-1.363414,0.517339,-18.732441
12.125014,690.638677,-324.863936,5749.787158,53.690556,-25.785347,319.193352,-1.356932,0.515008,-18.665136
12.175342,693.339125,-326.161019,5765.828087,53.622781,-25.759566,318.257800,-1.339998,0.510242,-18.534289
12.225670,696.036187,-327.456810,5781.822108,53.555834,-25.733994,317.328502,-1.321957,0.506008,-18.402630
12.275998,698.729903,-328.751320,5797.769527,53.489781,-25.708637,316.405631,-1.303590,0.501712,-18.273216
12.326327,701.420318,-330.044559,5813.670665,53.424638,-25.683520,315.489171,-1.285313,0.496702,-18.145991
12.376655,704.107477,-331.336543,5829.525838,53.360394,-25.658689,314.579045,-1.267530,0.490569,-18.020875
12.426983,706.791425,-332.627286,5845.335362,53.297020,-25.634199,313.675161,-1.250553,0.483215,-17.897786
12.477311,709.472204,-333.916806,5861.099549,53.234472,-25.610105,312.777423,-1.234542,0.474836,-17.776645
12.527639,712.149854,-335.205126,5876.818706,53.172706,-25.586442,311.885734,-1.219483,0.465852,-17.657385
12.577968,714.824413,-336.492267,5892.493134,53.111680,-25.563228,311.000001,-1.205213,0.456796,-17.539958
12.628296,717.495935,-337.778256,5908.123244,53.051859,-25.540649,310.123462,-1.191524,0.448212,-17.424741
12.669007,719.654772,-338.817685,5920.734445,53.003930,-25.522666,309.418332,-1.172873,0.438755,-17.280941
12.709718,721.811661,-339.856384,5933.316974,52.956227,-25.504841,308.715461,-1.168992,0.435870,-17.237069
12.750430,723.966611,-340.894359,5945.870925,52.908713,-25.487128,308.014524,-1.164861,0.433673,-17.193480
12.799558,726.564545,-342.145984,5960.982583,52.852096,-25.466043,307.174242,-1.144911,0.426094,-17.044833
12.848686,729.159715,-343.396580,5976.053097,52.796186,-25.445204,306.339340,-1.130870,0.421698,-16.939528
12.897815,731.752156,-344.646157,5991.082721,52.740979,-25.424580,305.509626,-1.116565,0.417639,-16.835877
12.958312,734.940813,-346.183514,6009.534510,52.673968,-25.399472,304.494919,-1.098778,0.412667,-16.710460
13.018809,738.125442,-347.719361,6027.925098,52.608026,-25.374686,303.487750,-1.081165,0.407074,-16.587417
13.079306,741.306114,-349.253720,6046.254983,52.543130,-25.350263,302.487941,-1.064142,0.400414,-16.466651
13.139804,744.482892,-350.786614,6064.524614,52.479240,-25.326271,301.495359,-1.048009,0.392676,-16.348062
13.206614,747.986730,-352.477806,6084.631286,52.409784,-25.300341,300.407443,-1.031355,0.383277,-16.219522
13.273425,751.485966,-354.167286,6104.665566,52.341411,-25.275043,299.328026,-1.015733,0.373810,-16.093440
13.340235,754.980669,-355.855096,6124.628007,52.274061,-25.250356,298.256955,-1.000628,0.365250,-15.969771
13.407046,758.470904,-357.541275,6144.519154,52.207695,-25.226193,297.193921,-0.986148,0.358476,-15.853109
13.473856,761.956737,-359.225854,6164.339537,52.142309,-25.202438,296.138613,-0.971226,0.353224,-15.739295
13.540667,765.438236,-360.908857,6184.089667,52.077935,-25.178997,295.090813,-0.955701,0.348880,-15.627712
13.607477,768.915467,-362.590304,6203.770028,52.014544,-25.155810,294.049981,-0.941781,0.345332,-15.530616
13.674288,772.388492,-364.270209,6223.381061,51.952045,-25.132859,293.015336,-0.929504,0.341626,-15.444774
13.741098,775.857369,-365.948590,6242.923165,51.890350,-25.110187,291.986369,-0.917840,0.336793,-15.360292
13.807909,779.322150,-367.625467,6262.396707,51.829376,-25.087859,290.962797,-0.907616,0.331170,-15.280678
13.874719,782.782876,-369.300864,6281.802020,51.768968,-25.065894,289.943925,-0.901021,0.326147,-15.220103
13.962980,787.348517,-371.511921,6307.333351,51.689855,-25.037400,288.604341,-0.892919,0.319847,-15.141097
14.051240,791.907207,-373.720486,6332.746748,51.611422,-25.009394,287.271448,-0.884890,0.315079,-15.064715
14.139500,796.459006,-375.926595,6358.042799,51.533678,-24.981723,285.944945,-0.876656,0.312251,-14.993339
14.227760,801.003977,-378.130273,6383.222057,51.456695,-24.954259,284.624703,-0.867539,0.310438,-14.923076
14.316020,805.542190,-380.331535,6408.285062,51.380533,-24.926953,283.310630,-0.858066,0.308452,-14.853899
14.404281,810.073717,-382.530396,6433.232352,51.305196,-24.899861,282.002633,-0.849000,0.305307,-14.785727
14.492541,814.598627,-384.726880,6458.064459,51.230626,-24.873099,280.700619,-0.840891,0.300753,-14.718470
14.580801,819.116985,-386.921021,6482.781911,51.156732,-24.846776,279.404503,-0.833769,0.295367,-14.652069
14.669061,823.628850,-389.112858,6507.385225,51.083443,-24.820932,278.114207,-0.827177,0.290150,-14.586520
14.757321,828.134273,-391.302433,6531.874912,51.010738,-24.795513,276.829656,-0.820391,0.286053,-14.521867
14.845582,832.633306,-393.489779,6556.251474,50.938655,-24.770402,275.550771,-0.812851,0.283415,-14.458164
14.933842,837.126007,-395.674918,6580.515409,50.867267,-24.745480,274.277466,-0.804497,0.281764,-14.395436
15.022102,841.612440,-397.857865,6604.667205,50.796636,-24.720692,273.009656,-0.795789,0.280096,-14.333656
15.110362,846.092672,-400.038632,6628.707343,50.726767,-24.696078,271.747260,-0.787430,0.277466,-14.272749
15.198622,850.566768,-402.217238,6652.636298,50.657607,-24.671742,270.490203,-0.779965,0.273519,-14.212634
15.286883,855.034789,-404.393711,6676.454538,50.589070,-24.647795,269.238418,-0.773475,0.268671,-14.153256
15.375143,859.496795,-406.568075,6700.162523,50.521289,-24.623955,267.991765,-0.762548,0.271768,-14.096416
15.392795,860.388481,-407.002696,6704.890929,50.507847,-24.619153,267.743034,-0.760323,0.272576,-14.085192
15.410447,861.279929,-407.437231,6709.614947,50.494444,-24.614336,267.494500,-0.758206,0.273247,-14.073988
15.428099,862.171141,-407.871682,6714.334580,50.481077,-24.609509,267.246164,-0.756209,0.273758,-14.062805
15.463403,863.952860,-408.740327,6723.760707,50.454440,-24.599840,266.750083,-0.752619,0.274218,-14.040497
15.498707,865.733640,-409.608631,6733.169337,50.427919,-24.590171,266.254788,-0.749573,0.273899,-14.018265
15.534011,867.513486,-410.476594,6742.560495,50.401496,-24.580528,265.760277,-0.747057,0.272793,-13.996113
15.610579,871.370433,-412.357881,6762.868237,50.344428,-24.559853,264.690449,-0.742966,0.268237,-13.948379
15.662625,873.989643,-413.635760,6776.625406,50.305800,-24.546025,263.965330,-0.740991,0.263816,-13.916193
15.714670,876.606846,-414.912925,6790.344877,50.267275,-24.532430,263.241879,-0.739223,0.258960,-13.884253
15.766716,879.222045,-416.189389,6804.026738,50.228852,-24.519077,262.520083,-0.737290,0.254235,-13.852582
15.840695,882.935917,-418.002599,6823.409880,50.174439,-24.500477,261.496931,-0.733777,0.248532,-13.808057
15.914674,886.645775,-419.814443,6842.717437,50.120367,-24.482220,260.477196,-0.728171,0.244817,-13.760583
15.973361,889.585921,-421.250800,6857.980290,50.077760,-24.467870,259.670515,-0.723666,0.244242,-13.730174
16.032048,892.523576,-422.686316,6873.195863,50.035470,-24.453530,258.865790,-0.717549,0.244856,-13.695702
16.090734,895.458760,-424.120988,6888.364269,49.993543,-24.439127,258.063029,-0.711035,0.246435,-13.661981
16.149421,898.391494,-425.554814,6903.485622,49.951998,-24.424623,257.262233,-0.704526,0.248253,-13.628542
16.217335,901.782303,-427.213009,6920.925873,49.904381,-24.407725,256.337969,-0.697591,0.249722,-13.590154
16.285249,905.169893,-428.870055,6938.303442,49.857202,-24.390771,255.416304,-0.691748,0.249744,-13.552060
16.353162,908.554292,-430.525951,6955.618504,49.810382,-24.373870,254.497218,-0.687173,0.247940,-13.514248
16.421076,911.935520,-432.180705,6972.871235,49.763838,-24.357142,253.580690,-0.683715,0.244437,-13.476732
16.479816,914.857473,-433.611029,6987.743363,49.723748,-24.342900,252.790006,-0.681269,0.240537,-13.444642
16.538556,917.777075,-435.040523,7002.569109,49.683778,-24.328888,252.001084,-0.679443,0.236578,-13.415749
16.597296,920.694334,-436.469201,7017.348567,49.643928,-24.315097,251.213870,-0.677394,0.232876,-13.387097
16.714776,926.521849,-439.324146,7046.768967,49.564675,-24.288056,249.644510,-0.671938,0.227418,-13.330552
16.790516,930.273960,-441.163071,7065.638855,49.513972,-24.270879,248.636226,-0.666980,0.226123,-13.294657
16.866257,934.022246,-443.000698,7084.432478,49.463675,-24.253747,247.630638,-0.661031,0.226489,-13.259178
16.941997,937.766740,-444.837026,7103.150042,49.413843,-24.236555,246.627720,-0.654584,0.227847,-13.224069
17.017737,941.507476,-446.672049,7121.791747,49.364495,-24.219259,245.627448,-0.648258,0.229270,-13.189278
17.093477,945.244493,-448.505760,7140.357792,49.315603,-24.201881,244.629800,-0.642608,0.229878,-13.154758
17.169217,948.977820,-450.338155,7158.848373,49.267106,-24.184503,243.634758,-0.637969,0.229086,-13.120484
17.244957,952.707487,-452.169238,7177.263688,49.218926,-24.167235,242.642302,-0.634371,0.226753,-13.086457
17.320697,956.433514,-453.999021,7195.603931,49.170994,-24.150184,241.652413,-0.631558,0.223191,-13.052696
17.396437,960.155920,-455.827523,7213.869296,49.123264,-24.133422,240.665069,-0.629073,0.219046,-13.019238
17.472177,963.874718,-457.654766,7232.059976,49.075727,-24.116969,239.680246,-0.626409,0.215090,-12.986121
17.558827,968.124764,-459.743688,7252.779471,49.021621,-24.098470,238.556628,-0.622610,0.211652,-12.948684
17.645476,972.370138,-461.831017,7273.401745,48.967885,-24.080205,237.436233,-0.617751,0.209859,-12.911740
17.732126,976.610876,-463.916768,7293.927076,48.914604,-24.062038,236.319019,-0.611940,0.209641,-12.875269
17.818776,980.847019,-466.000944,7314.355737,48.861845,-24.043852,235.204947,-0.605608,0.210415,-12.839227
17.925606,986.063521,-468.568361,7339.409651,48.797551,-24.021328,233.835676,-0.597930,0.211481,-12.795306
18.013132,990.332270,-470.670032,7359.827284,48.745466,-24.002811,232.717321,-0.592414,0.211400,-12.759686
18.100657,994.596480,-472.770085,7380.147169,48.693827,-23.984352,231.602070,-0.587952,0.209834,-12.724365
18.188183,998.856187,-474.868529,7400.369575,48.642537,-23.966091,230.489896,-0.584466,0.206817,-12.689349
18.275709,1003.111418,-476.965386,7420.494772,48.591523,-23.948141,229.380773,-0.581513,0.202955,-12.654675
18.363234,1007.362196,-479.060686,7440.523024,48.540758,-23.930543,228.274669,-0.578493,0.199136,-12.620389
18.450760,1011.608542,-481.154460,7460.454594,48.490275,-23.913255,227.171547,-0.574896,0.196156,-12.586527
18.538285,1015.850484,-483.246732,7480.289742,48.440139,-23.896178,226.071371,-0.570479,0.194439,-12.553103
18.625811,1020.088056,-485.337514,7500.028725,48.390423,-23.879197,224.974101,-0.565317,0.193938,-12.520100
18.725856,1024.926489,-487.725554,7522.473814,48.334174,-23.859795,223.723388,-0.558939,0.194268,-12.482847
18.825902,1029.759326,-490.111652,7544.793961,48.278564,-23.840346,222.476379,-0.552675,0.194646,-12.446035
18.925948,1034.586630,-492.495803,7566.989533,48.223556,-23.820888,221.233034,-0.547075,0.194206,-12.409571
19.025993,1039.408457,-494.878012,7589.060896,48.169070,-23.801529,219.993320,-0.542392,0.192497,-12.373428
19.126039,1044.224856,-497.258293,7611.008412,48.115013,-23.782396,218.757203,-0.538518,0.189622,-12.337662
19.226085,1049.035866,-499.636676,7632.832439,48.061328,-23.763591,217.524691,-0.534856,0.186067,-12.301360
19.326130,1053.841524,-502.013194,7654.533340,48.008010,-23.745145,216.295797,-0.531010,0.182635,-12.265177
19.426176,1058.641868,-504.387882,7676.111475,47.955096,-23.727014,215.070502,-0.526643,0.179997,-12.229514
19.548372,1064.497877,-507.285889,7702.301045,47.891102,-23.705158,213.578729,-0.520452,0.178173,-12.186720
19.640535,1068.909463,-509.469871,7721.933395,47.843365,-23.688774,212.457034,-0.515236,0.177742,-12.154938
19.732698,1073.316672,-511.652345,7741.462500,47.796115,-23.672413,211.338249,-0.509865,0.177692,-12.123555
19.824861,1077.719548,-513.833313,7760.888628,47.749355,-23.656056,210.222338,-0.504662,0.177553,-12.092558
19.917024,1082.118135,-516.012775,7780.212042,47.703061,-23.639728,209.109268,-0.499882,0.176914,-12.061888
20.032991,1087.646731,-518.753005,7804.380651,47.645398,-23.619316,207.712712,-0.494650,0.175083,-12.023755
20.126992,1092.123306,-520.972497,7823.852955,47.599078,-23.602956,206.583893,-0.491026,0.172751,-11.993230
20.220994,1096.595543,-523.190460,7843.219283,47.553087,-23.586833,205.457928,-0.487735,0.169944,-11.963044
20.314996,1101.063473,-525.406920,7862.479901,47.507402,-23.570978,204.334783,-0.484502,0.167061,-11.933233
20.408998,1105.527123,-527.621900,7881.635072,47.462027,-23.555384,203.214421,-0.481056,0.164511,-11.903822
20.543533,1111.908100,-530.789443,7908.866950,47.397691,-23.533417,201.615733,-0.475431,0.161962,-11.862407
20.643097,1116.624848,-533.131717,7928.881839,47.350585,-23.517347,200.436169,-0.470690,0.161036,-11.832293
20.742661,1121.336930,-535.472396,7948.779434,47.303963,-23.501347,199.259584,-0.465624,0.160707,-11.802595
20.842225,1126.044395,-537.811483,7968.560031,47.257847,-23.485369,198.085936,-0.460487,0.160612,-11.773275
20.941789,1130.747292,-540.148982,7988.223920,47.212236,-23.469405,196.915188,-0.455570,0.160332,-11.744329
21.060839,1136.364703,-542.941889,8011.583577,47.158312,-23.450387,195.519064,-0.450266,0.159285,-11.710140
21.179889,1141.975730,-545.732542,8034.777265,47.104985,-23.431538,194.126982,-0.445700,0.157260,-11.676404
21.298939,1147.580440,-548.520967,8057.805464,47.052175,-23.412965,192.738888,-0.441734,0.154418,-11.643137
21.417990,1153.178891,-551.307201,8080.668645,46.999825,-23.394747,191.354725,-0.438032,0.151225,-11.610345
21.537040,1158.771137,-554.091286,8103.367271,46.947920,-23.376899,189.974435,-0.434202,0.148266,-11.578085
21.656090,1164.357233,-556.873265,8125.901801,46.896490,-23.359372,188.597954,-0.429931,0.146012,-11.546352
21.775140,1169.937238,-559.653170,8148.272684,46.845594,-23.342070,187.225220,-0.425112,0.144651,-11.515149
21.894191,1175.511219,-562.431023,8170.480363,46.795291,-23.324894,185.856172,-0.419861,0.144046,-11.484454
22.013241,1181.079249,-565.206836,8192.525273,46.745621,-23.307771,184.490749,-0.414452,0.143810,-11.454232
22.132291,1186.641401,-567.980613,8214.407839,46.696576,-23.290679,183.128857,-0.409356,0.143517,-11.425070
22.251341,1192.197749,-570.752360,8236.128479,46.648117,-23.273648,181.770423,-0.404690,0.142709,-11.396283
22.370392,1197.748360,-573.522088,8257.687600,46.600186,-23.256749,180.415392,-0.400573,0.141189,-11.367865
22.489442,1203.293292,-576.289816,8279.085605,46.552720,-23.240062,179.063720,-0.396948,0.139010,-11.339814
22.593132,1208.118204,-578.698832,8297.591785,46.511714,-23.225761,177.889147,-0.394012,0.136816,-11.315689
22.696821,1212.938882,-581.106378,8315.976332,46.471009,-23.211689,176.717055,-0.391105,0.134610,-11.291879
22.800511,1217.755358,-583.512477,8334.239481,46.430614,-23.197832,175.547415,-0.388086,0.132601,-11.268382
22.952856,1224.824357,-587.045027,8360.852676,46.371855,-23.177812,173.833322,-0.383304,0.130240,-11.234434
23.070719,1230.287246,-589.775937,8381.263268,46.326915,-23.162536,172.510719,-0.379234,0.129043,-11.208649
23.188583,1235.744867,-592.505054,8401.518153,46.282467,-23.147378,171.191133,-0.374894,0.128330,-11.183257
23.306446,1241.197280,-595.232390,8421.617690,46.238537,-23.132288,169.874515,-0.370440,0.127890,-11.158251
23.424309,1246.644546,-597.957952,8441.562222,46.195129,-23.117250,168.560823,-0.366056,0.127446,-11.133593
23.557501,1252.794106,-601.035844,8463.914400,46.146677,-23.100335,167.079747,-0.361435,0.126644,-11.106290
23.690692,1258.937252,-604.111492,8486.069552,46.098813,-23.083555,165.602265,-0.357301,0.125339,-11.079632
23.823884,1265.074058,-607.184919,8508.028151,46.051476,-23.066978,164.128308,-0.353590,0.123506,-11.053396
23.957075,1271.204592,-610.256154,8529.790662,46.004611,-23.050662,162.657793,-0.350253,0.121345,-11.027900
24.111755,1278.316443,-613.820189,8554.818824,45.950907,-23.031948,160.954204,-0.344143,0.120596,-10.999483
24.133975,1279.337355,-614.331913,8558.392399,45.943277,-23.029264,160.709846,-0.342778,0.120889,-10.995592
24.156194,1280.358098,-614.843577,8561.960546,45.935675,-23.026574,160.465574,-0.341439,0.121168,-10.991706
24.178413,1281.378673,-615.355181,8565.523267,45.928103,-23.023879,160.221389,-0.340131,0.121429,-10.987824
24.222852,1283.419318,-616.378210,8572.632435,45.913044,-23.018473,159.733278,-0.337630,0.121882,-10.980068
24.267291,1285.459297,-617.400998,8579.719919,45.898091,-23.013049,159.245512,-0.335314,0.122223,-10.972316
24.311729,1287.498613,-618.423545,8586.785734,45.883238,-23.007613,158.758090,-0.333214,0.122428,-10.964561
24.356168,1289.537272,-619.445851,8593.829898,45.868472,-23.002171,158.271013,-0.331353,0.122481,-10.956799
24.451436,1293.905585,-621.636674,8608.858416,45.837064,-22.990517,157.227970,-0.328209,0.122051,-10.940130
24.546704,1298.270920,-623.826389,8623.787641,45.805904,-22.978936,156.186517,-0.326193,0.120888,-10.923432
24.641973,1302.633295,-626.015008,8638.617725,45.774892,-22.967496,155.146655,-0.325092,0.119115,-10.906725
24.737241,1306.992719,-628.202545,8653.348818,45.743952,-22.956247,154.108382,-0.324577,0.116946,-10.890075
24.832509,1311.349197,-630.389020,8667.981071,45.713046,-22.945215,153.071690,-0.324269,0.114634,-10.873572
24.978985,1318.041579,-633.748721,8690.285816,45.665600,-22.928674,151.480811,-0.323362,0.111351,-10.848608
25.125461,1324.727023,-637.106033,8712.357803,45.618374,-22.912556,149.893542,-0.321012,0.109032,-10.824336
25.271937,1331.405576,-640.461008,8734.197553,45.571626,-22.896688,148.309772,-0.316828,0.107969,-10.800826
25.386466,1336.622764,-643.082631,8751.112483,45.535580,-22.884333,147.073796,-0.312535,0.107863,-10.782920
25.500994,1341.835855,-645.702836,8767.885974,45.500064,-22.871962,145.839849,-0.307737,0.108142,-10.765363
25.615523,1347.044912,-648.321622,8784.518257,45.465105,-22.859551,144.607899,-0.302813,0.108552,-10.748059
25.730052,1352.249996,-650.938984,8801.009560,45.430696,-22.847099,143.377919,-0.298125,0.108854,-10.730946
25.844580,1357.451169,-653.554918,8817.360107,45.396796,-22.834630,142.149892,-0.293968,0.108841,-10.713954
25.959109,1362.648485,-656.169426,8833.570121,45.363333,-22.822186,140.923806,-0.290526,0.108381,-10.697031
26.105245,1369.274608,-659.503413,8854.050002,45.321137,-22.806429,139.362156,-0.287222,0.107103,-10.675546
26.251381,1375.894596,-662.835113,8874.301899,45.279346,-22.790908,137.803636,-0.284890,0.105194,-10.654202
26.397517,1382.508499,-666.164566,8894.326268,45.237848,-22.775696,136.248213,-0.283085,0.102978,-10.633219
26.543653,1389.116357,-669.491821,8914.123556,45.196606,-22.760812,134.695831,-0.281250,0.100804,-10.612620
26.689789,1395.718208,-672.816922,8933.694203,45.155660,-22.746223,133.146419,-0.278972,0.098976,-10.592565
26.835925,1402.314102,-676.139910,8953.038638,45.115097,-22.731864,131.599897,-0.276011,0.097659,-10.573071
27.000295,1409.725961,-679.875033,8974.526985,45.070061,-22.715891,129.863764,-0.271828,0.096794,-10.551711
27.164665,1417.130475,-683.607541,8995.730250,45.025770,-22.700017,128.131095,-0.267021,0.096408,-10.530890
27.329035,1424.527777,-687.337442,9016.648995,44.982294,-22.684185,126.401812,-0.262031,0.096210,-10.510505
27.493405,1431.918000,-691.064744,9037.283771,44.939625,-22.668389,124.675852,-0.257297,0.095903,-10.490448
27.657775,1439.301272,-694.789454,9057.635121,44.897690,-22.652669,122.953167,-0.253119,0.095276,-10.470648
27.822145,1446.677705,-698.511591,9077.703579,44.856384,-22.637086,121.233718,-0.249600,0.094248,-10.451066
27.986515,1454.047393,-702.231181,9097.489675,44.815604,-22.621705,119.517469,-0.246661,0.092865,-10.431718
28.150885,1461.410415,-705.948264,9116.993932,44.775271,-22.606574,117.804380,-0.244094,0.091256,-10.412637
28.315255,1468.766841,-709.662882,9136.216864,44.735347,-22.591713,116.094401,-0.241648,0.089594,-10.393885
28.498102,1476.942539,-713.792220,9157.270738,44.691416,-22.575495,114.195787,-0.238789,0.087869,-10.373460
28.680949,1485.110254,-717.918621,9177.977795,44.648037,-22.559568,112.300860,-0.235593,0.086417,-10.353552
28.863796,1493.270093,-722.042131,9198.338700,44.605282,-22.543876,110.409526,-0.231996,0.085283,-10.334148
29.046643,1501.422176,-726.162791,9218.354101,44.563218,-22.528363,108.521693,-0.228089,0.084422,-10.315253
29.229490,1509.566635,-730.280626,9238.024632,44.521886,-22.512990,106.637274,-0.224032,0.083720,-10.296791
29.412337,1517.703604,-734.395663,9257.350909,44.481295,-22.497740,104.756193,-0.220024,0.083047,-10.278726
29.613938,1526.666668,-738.929564,9278.261191,44.437369,-22.481077,102.685958,-0.215844,0.082209,-10.259200
29.815540,1535.620958,-743.460124,9298.754505,44.394247,-22.464602,100.619622,-0.212026,0.081186,-10.240043
30.017142,1544.566631,-747.987385,9318.831629,44.351854,-22.448355,98.557112,-0.208584,0.079969,-10.221255
30.218744,1553.503825,-752.511396,9338.493326,44.310122,-22.432371,96.498354,-0.205433,0.078602,-10.202825
30.420345,1562.432668,-757.032213,9357.740346,44.269004,-22.416671,94.443271,-0.202457,0.077171,-10.184795
30.621947,1571.353282,-761.549894,9376.573422,44.228481,-22.401258,92.391782,-0.199524,0.075763,-10.167182
30.867107,1582.190392,-767.039534,9398.918893,44.180007,-22.382884,89.901760,-0.195884,0.074177,-10.146349
31.112268,1593.015729,-772.524716,9420.654530,44.132442,-22.364875,87.416763,-0.192098,0.072787,-10.126184
31.357428,1603.829521,-778.005522,9441.781543,44.085825,-22.347182,84.936631,-0.188180,0.071586,-10.106658
31.602588,1614.632002,-783.482026,9462.301107,44.040177,-22.329765,82.461211,-0.184216,0.070516,-10.087732
31.847749,1625.423411,-788.954291,9482.214359,43.995497,-22.312600,79.990361,-0.180319,0.069504,-10.069361
32.092909,1636.203982,-794.422378,9501.522403,43.951754,-22.295684,77.523951,-0.176585,0.068483,-10.051508
32.395393,1649.490648,-801.163339,9524.512605,43.899004,-22.275166,74.486787,-0.172272,0.067151,-10.030129
32.697876,1662.761552,-807.898156,9546.585082,43.847506,-22.255065,71.455985,-0.168291,0.065731,-10.009437
33.000359,1676.017056,-814.626958,9567.741728,43.797166,-22.235405,68.431341,-0.164577,0.064267,-9.989420
33.302843,1689.257499,-821.349882,9587.984374,43.747918,-22.216188,65.412650,-0.161042,0.062820,-9.970077
33.605326,1702.483202,-828.067058,9607.314791,43.699715,-22.197396,62.399696,-0.157670,0.061467,-9.951501
33.907810,1715.694479,-834.778610,9625.734679,43.652525,-22.178998,59.392265,-0.154362,0.060209,-9.933560
34.257811,1730.963526,-842.537621,9645.914008,43.599159,-22.158160,55.919030,-0.150600,0.058872,-9.913557
34.607812,1746.214124,-850.289418,9664.878910,43.547097,-22.137768,52.452660,-0.146926,0.057643,-9.894310
34.957813,1761.446723,-858.034152,9682.631743,43.496304,-22.117794,48.992907,-0.143359,0.056484,-9.875756
35.307814,1776.661761,-865.771964,9699.174782,43.446739,-22.098221,45.539539,-0.139904,0.055357,-9.857829
35.657814,1791.859660,-873.502995,9714.510225,43.398364,-22.079044,42.092344,-0.136542,0.054226,-9.840474
36.007815,1807.040833,-881.227383,9728.640199,43.351150,-22.060267,38.651128,-0.133239,0.053064,-9.823652
36.407720,1824.366615,-890.045184,9743.311954,43.298621,-22.039324,34.726343,-0.129445,0.051661,-9.805040
36.807625,1841.671698,-898.854726,9756.415640,43.247636,-22.018965,30.808875,-0.125503,0.050134,-9.787064
37.207530,1858.956714,-907.656252,9767.954131,43.198282,-21.999249,26.898463,-0.121256,0.048432,-9.769763
37.607435,1876.222343,-916.450036,9777.930192,43.150715,-21.980259,22.994819,-0.116536,0.046495,-9.753242
38.007340,1893.469342,-925.236388,9786.346462,43.105154,-21.962100,19.097592,-0.111189,0.044265,-9.737716
38.407245,1910.698569,-934.015665,9793.205421,43.061885,-21.944902,15.206323,-0.105056,0.041677,-9.723506
38.807149,1927.911002,-942.788281,9798.509332,43.021230,-21.928812,11.320387,-0.098106,0.038716,-9.711143
39.140019,1942.226162,-950.085630,9801.739702,42.989615,-21.916371,8.089286,-0.091742,0.035987,-9.702776
39.472890,1956.531156,-957.378992,9803.894959,42.960179,-21.904867,4.860601,-0.085056,0.033106,-9.696735
39.805760,1970.826722,-964.668685,9804.975767,42.932974,-21.894325,1.633452,-0.078430,0.030244,-9.693658
39.974268,1978.060186,-968.357637,9805.113393,42.920023,-21.889343,0.000023,-0.075289,0.028888,-9.693441
39.980952,1978.347075,-968.503952,9805.113176,42.919520,-21.889150,-0.064771,-0.075170,0.028837,-9.693453
39.991124,1978.783645,-968.726605,9805.111515,42.918758,-21.888857,-0.163373,-0.074989,0.028759,-9.693476
40.001296,1979.220207,-968.949256,9805.108850,42.917997,-21.888566,-0.261976,-0.074808,0.028681,-9.693503
40.021640,1980.093315,-969.394551,9805.101514,42.916478,-21.887984,-0.459181,-0.074452,0.028527,-9.693563
40.041984,1980.966393,-969.839835,9805.090167,42.914967,-21.887405,-0.656388,-0.074099,0.028375,-9.693639
40.062328,1981.839441,-970.285106,9805.074807,42.913463,-21.886829,-0.853596,-0.073752,0.028226,-9.693730
40.230114,1989.038689,-973.957016,9804.795130,42.901317,-21.882191,-2.480164,-0.071100,0.027085,-9.695071
40.397900,1996.235935,-977.628163,9804.242514,42.889576,-21.877728,-4.107050,-0.068926,0.026158,-9.697510
40.565686,2003.431239,-981.298572,9803.416889,42.878150,-21.873397,-5.734440,-0.067383,0.025512,-9.701084
40.733472,2010.624644,-984.968262,9802.318155,42.866918,-21.869145,-7.362525,-0.066633,0.025221,-9.705800
40.980952,2021.231319,-990.379671,9800.198767,42.850391,-21.862879,-9.765580,-0.067326,0.025598,-9.714769
41.004837,2022.250536,-990.899968,9799.961128,42.673221,-21.784124,-9.949660,-7.417875,3.297368,-7.707205
41.028721,2023.265555,-991.418399,9799.719109,42.497511,-21.706020,-10.133015,-7.356721,3.270099,-7.676837
41.076489,2025.287269,-992.451561,9799.226346,42.148954,-21.551089,-10.498292,-7.236879,3.216659,-7.616823
41.124258,2027.292467,-993.477381,9798.716203,41.806029,-21.398670,-10.860727,-7.120940,3.164950,-7.557823
41.172026,2029.281414,-994.495979,9798.188814,41.468553,-21.248680,-11.220365,-7.008751,3.114906,-7.499773
41.431560,2039.813791,-999.908472,9795.027403,39.723380,-20.473205,-13.127105,-6.458951,2.869518,-7.198486
41.691094,2049.911050,-1005.127655,9791.381221,38.109063,-19.756164,-14.958214,-5.995553,2.662462,-6.915278
41.950628,2059.604169,-1010.167371,9787.269209,36.605552,-19.088666,-16.717478,-5.602307,2.486513,-6.643796
42.210162,2068.919666,-1015.039485,9782.709671,35.196435,-18.463435,-18.407298,-5.265977,2.335783,-6.379339
42.610777,2082.609772,-1022.254370,9774.834339,33.176227,-17.567841,-20.882433,-4.833936,2.141671,-5.977579
43.011392,2095.522924,-1029.125027,9765.999554,31.312357,-16.742611,-23.197174,-4.480910,1.982464,-5.577836
43.412008,2107.715822,-1035.677028,9756.269499,29.578251,-15.976022,-25.351661,-4.183790,1.847884,-5.177780
43.812623,2119.236752,-1041.932236,9745.708418,27.954901,-15.259713,-27.345921,-3.925593,1.730388,-4.778394
44.213238,2130.127269,-1047.909562,9734.380377,26.429288,-14.587983,-29.180780,-3.694228,1.624618,-4.382668
44.826658,2145.665077,-1056.561913,9715.693047,24.263112,-13.637288,-31.687011,-3.373727,1.477348,-3.792995
45.440079,2159.932293,-1064.657876,9695.577605,22.285283,-12.773354,-33.840713,-3.079125,1.341318,-3.235899
46.053499,2173.040905,-1072.249137,9674.243235,20.482344,-11.990321,-35.665943,-2.801886,1.212881,-2.723364
46.666919,2185.094778,-1079.383817,9651.882429,18.844926,-11.284056,-37.192556,-2.539193,1.090927,-2.263135
47.280339,2196.192697,-1086.107773,9628.668252,17.364254,-10.650608,-38.453867,-2.290947,0.975536,-1.858588
47.893759,2206.428135,-1092.464451,9604.752962,16.031181,-10.085793,-39.484106,-2.058095,0.867227,-1.509445
48.861564,2221.033161,-1101.844431,9565.907729,14.204298,-9.323235,-40.719472,-1.724517,0.712011,-1.063502
49.829368,2234.019738,-1110.556021,9526.057116,12.679353,-8.701177,-41.578765,-1.434021,0.576841,-0.729056
50.797172,2245.659795,-1118.725753,9485.516427,11.414798,-8.200267,-42.159359,-1.185994,0.461466,-0.484215
51.764977,2256.185689,-1126.461715,9444.517215,10.370877,-7.801966,-42.537955,-0.977524,0.364539,-0.308209
52.732781,2265.793203,-1133.854935,9403.225436,9.511260,-7.489332,-42.772328,-0.804359,0.284075,-0.183548
53.700586,2274.644893,-1140.980948,9361.758942,8.804056,-7.247494,-42.905142,-0.661783,0.217874,-0.096284
54.700680,2283.139914,-1148.129951,9318.812957,8.204372,-7.058441,-42.968388,-0.541653,0.162144,-0.034121
55.700773,2291.091328,-1155.115917,9275.831350,7.712961,-6.919592,-42.980107,-0.444527,0.117133,0.008057
56.700867,2298.596544,-1161.983987,9232.856440,7.308924,-6.821212,-42.956924,-0.366282,0.080919,0.036377
57.700961,2305.734102,-1168.770516,9189.917093,6.975181,-6.755344,-42.910432,-0.303418,0.051865,0.055223
58.701055,2312.567121,-1175.504674,9147.032523,6.697862,-6.715531,-42.848540,-0.253008,0.028610,0.067639
59.890949,2320.369210,-1183.480461,9096.097493,6.426129,-6.694987,-42.762012,-0.205970,0.006964,0.076829
61.080842,2327.878414,-1191.445801,9045.270940,6.203567,-6.697037,-42.667049,-0.169917,-0.009572,0.082167
62.270736,2335.146432,-1199.424411,8994.560798,6.018607,-6.716299,-42.567397,-0.142298,-0.022185,0.085158
63.460630,2342.212358,-1207.434143,8943.970940,5.862466,-6.748687,-42.465146,-0.121160,-0.031784,0.086641
64.663627,2349.181282,-1215.577630,8892.948380,5.727007,-6.791572,-42.360538,-0.104838,-0.039142,0.087190
65.866624,2355.998103,-1223.777586,8842.051904,5.608738,-6.842171,-42.255634,-0.092392,-0.044698,0.087177
67.069622,2362.680916,-1232.042090,8791.281529,5.503576,-6.898587,-42.150965,-0.082902,-0.048881,0.086829
68.272619,2369.243524,-1240.377229,8740.636748,5.408410,-6.959376,-42.046837,-0.075664,-0.052018,0.086278
70.433361,2380.760371,-1255.539155,8649.984906,5.255517,-7.076262,-41.861738,-0.066715,-0.055773,0.085042
72.594103,2391.965673,-1270.961447,8559.730217,5.117753,-7.199311,-41.679579,-0.061135,-0.057967,0.083721
73.134289,2394.721668,-1274.858875,8537.227862,5.085552,-7.230291,-41.634149,-0.057493,-0.056495,0.084883
73.674474,2397.460860,-1278.772520,8514.750298,5.056698,-7.259519,-41.587315,-0.048441,-0.051034,0.089033
74.214660,2400.185711,-1282.701235,8492.298551,5.032724,-7.285766,-41.538345,-0.040516,-0.046259,0.092067
74.754845,2402.898716,-1286.643465,8469.873648,5.012775,-7.309585,-41.487951,-0.033524,-0.042043,0.094313
75.835216,2408.297081,-1294.563692,8425.106909,4.983120,-7.351044,-41.384352,-0.021921,-0.035035,0.097108
76.915587,2413.669703,-1302.524905,8380.453509,4.964532,-7.385812,-41.278675,-0.012903,-0.029575,0.098411
77.995958,2419.027110,-1310.520730,8335.914821,4.954545,-7.415364,-41.172126,-0.005904,-0.025324,0.098782
79.076329,2424.377496,-1318.546193,8291.491303,4.951232,-7.440856,-41.065483,-0.000479,-0.022017,0.098589
80.289457,2430.385327,-1327.588062,8241.745943,4.953489,-7.465825,-40.946249,0.004194,-0.019153,0.097998
81.502586,2436.398822,-1336.658423,8192.144660,4.960717,-7.487739,-40.827853,0.007680,-0.017000,0.097160
82.715714,2442.423302,-1345.753992,8142.686332,4.971641,-7.507360,-40.710538,0.010277,-0.015380,0.096200
85.000373,2453.810707,-1362.944554,8049.926259,4.999391,-7.539803,-40.492897,0.013422,-0.013376,0.094276
87.285032,2465.269726,-1380.203991,7957.658500,5.032307,-7.568879,-40.279882,0.015285,-0.012142,0.092419
89.569691,2476.808488,-1397.526829,7865.872621,5.068331,-7.595826,-40.071200,0.016352,-0.011387,0.090566
91.854350,2488.431206,-1414.909939,7774.558214,5.106338,-7.621321,-39.866509,0.016889,-0.010951,0.088623
93.025781,2494.424571,-1423.845243,7727.917767,5.126216,-7.634059,-39.763196,0.017050,-0.010796,0.087660
94.197211,2500.441308,-1432.795379,7681.397788,5.146254,-7.646634,-39.661038,0.017159,-0.010674,0.086753
95.368641,2506.481578,-1441.760170,7634.996884,5.166397,-7.659079,-39.559942,0.017230,-0.010575,0.085867
96.529336,2512.489808,-1450.657127,7589.137394,5.186421,-7.671307,-39.460783,0.017271,-0.010495,0.085000
97.690032,2518.521301,-1459.568227,7543.392413,5.206479,-7.683449,-39.362620,0.017291,-0.010428,0.084147
98.850727,2524.576085,-1468.493378,7497.760800,5.226551,-7.695520,-39.265439,0.017295,-0.010371,0.083309
105.199923,2558.108687,-1517.561170,7250.108574,5.336037,-7.760639,-38.750686,0.017176,-0.010155,0.079080
106.787222,2566.600389,-1529.892278,7188.699016,5.363212,-7.776756,-38.626153,0.017140,-0.010107,0.078063
108.374520,2575.134947,-1542.249050,7127.485593,5.390381,-7.792766,-38.503063,0.017082,-0.010073,0.076986
109.961819,2583.712572,-1554.631183,7066.466220,5.417456,-7.808725,-38.381620,0.017026,-0.010039,0.075973
111.549118,2592.333131,-1567.038589,7005.638488,5.444436,-7.824634,-38.261819,0.016973,-0.010004,0.075036
112.672917,2598.462289,-1575.838211,6962.687106,5.463488,-7.835864,-38.177884,0.016934,-0.009981,0.074374
113.796715,2604.612830,-1584.650440,6919.829602,5.482497,-7.847067,-38.094674,0.016896,-0.009957,0.073713
114.920514,2610.784710,-1593.475244,6877.065198,5.501464,-7.858243,-38.012197,0.016858,-0.009934,0.073065
117.415629,2624.563841,-1613.113309,6782.445702,5.543423,-7.882967,-37.831658,0.016775,-0.009884,0.071679
119.910744,2638.447407,-1632.812907,6688.272514,5.585176,-7.907567,-37.654576,0.016693,-0.009834,0.070359
120.534523,2641.934926,-1637.746864,6664.798324,5.596643,-7.912143,-37.610158,0.020098,-0.004803,0.072188
121.158302,2645.430395,-1642.682500,6641.352220,5.610627,-7.913005,-37.564430,0.024774,0.002090,0.074514
121.782080,2648.935396,-1647.617480,6617.934971,5.627318,-7.909876,-37.517464,0.028744,0.007949,0.076066
122.995843,2655.788943,-1657.209163,6572.454106,5.665945,-7.894698,-37.424044,0.034852,0.016983,0.077643
124.209606,2662.693156,-1666.776820,6527.087210,5.710984,-7.870021,-37.329326,0.039261,0.023530,0.078028
125.423368,2669.654849,-1676.310338,6481.835442,5.760621,-7.838503,-37.234535,0.042437,0.028271,0.077862
127.234453,2680.158519,-1690.458491,6414.527871,5.840774,-7.782357,-37.093965,0.045515,0.032909,0.077129
129.045537,2690.812568,-1704.497094,6347.473996,5.925052,-7.719932,-36.955318,0.047425,0.035837,0.076305
130.856621,2701.622145,-1718.418191,6280.669831,6.011949,-7.653438,-36.818411,0.048558,0.037625,0.075322
132.667706,2712.590327,-1732.216853,6214.111385,6.100494,-7.584298,-36.683061,0.049166,0.038643,0.074109
133.746143,2719.197988,-1740.373455,6174.593783,6.153630,-7.542418,-36.603442,0.049378,0.039028,0.073415
134.824581,2725.863042,-1748.484716,6135.161755,6.206952,-7.500184,-36.524609,0.049508,0.039294,0.072780
135.903019,2732.585657,-1756.550305,6095.814395,6.260382,-7.457710,-36.446467,0.049578,0.039470,0.072159
136.975083,2739.325682,-1764.522742,6056.782738,6.313548,-7.415334,-36.369440,0.049603,0.039580,0.071544
138.047147,2746.122709,-1772.449698,6017.833304,6.366722,-7.372868,-36.293065,0.049595,0.039641,0.070937
139.119211,2752.976732,-1780.331102,5978.965403,6.419874,-7.330356,-36.217336,0.049562,0.039665,0.070340
141.009545,2765.200886,-1794.117081,5910.627333,6.513473,-7.255388,-36.085351,0.049463,0.039646,0.069311
142.899878,2777.601757,-1807.761439,5842.536958,6.606855,-7.180503,-35.955296,0.049329,0.039573,0.068312
144.790211,2790.178900,-1821.264389,5774.690672,6.699965,-7.105784,-35.827114,0.049176,0.039472,0.067337
149.273671,2820.710093,-1852.727818,5614.727211,6.919604,-6.929415,-35.530522,0.048776,0.039167,0.065237
150.394536,2828.496602,-1860.470239,5574.943309,6.974231,-6.885539,-35.457862,0.048674,0.039086,0.064705
151.515401,2836.344317,-1868.163471,5535.240296,7.028732,-6.841771,-35.385673,0.048575,0.039010,0.064111
152.636266,2844.253061,-1875.807691,5495.617801,7.083122,-6.798090,-35.314109,0.048476,0.038932,0.063545
153.662415,2851.546894,-1882.763063,5459.413605,7.132819,-6.758177,-35.249148,0.048384,0.038861,0.063060
154.688563,2858.891676,-1889.677516,5423.275824,7.182422,-6.718337,-35.184684,0.048294,0.038789,0.062590
155.714712,2866.287310,-1896.551125,5387.203945,7.231931,-6.678571,-35.120696,0.048203,0.038716,0.062128
157.541859,2879.581442,-1908.689340,5323.136294,7.319858,-6.607948,-35.007920,0.048042,0.038588,0.061323
159.369007,2893.035963,-1920.698728,5259.273386,7.407494,-6.537558,-34.896601,0.047883,0.038461,0.060541
161.196154,2906.650343,-1932.579716,5195.612589,7.494840,-6.467400,-34.786700,0.047726,0.038334,0.059778
162.591166,2917.152146,-1941.564535,5147.142784,7.561335,-6.413990,-34.703721,0.047607,0.038239,0.059204
163.986178,2927.743333,-1950.481535,5098.788463,7.622994,-6.370176,-34.621103,0.039193,0.021334,0.059471
165.381190,2938.411482,-1959.355617,5050.549679,7.670114,-6.355617,-34.537942,0.027600,-0.002007,0.059873
166.776202,2949.136847,-1968.226496,5002.426807,7.702601,-6.370500,-34.454351,0.020109,-0.017032,0.059627
168.171213,2959.900515,-1977.132206,4954.420335,7.726606,-6.402355,-34.371285,0.014996,-0.027239,0.059239
169.566225,2970.692315,-1986.093060,4906.529655,7.744986,-6.445394,-34.289024,0.011463,-0.034248,0.058862
170.961237,2981.506923,-1995.119548,4858.753258,7.759234,-6.496598,-34.207331,0.009093,-0.038901,0.058362
172.904721,2996.602682,-2007.821679,4792.381404,7.774679,-6.576518,-34.094557,0.007033,-0.042873,0.057525
174.848205,3011.724899,-2020.685965,4726.227216,7.787123,-6.662129,-33.983366,0.005817,-0.045138,0.056755
176.791689,3026.869356,-2033.720204,4660.288023,7.797751,-6.751037,-33.873833,0.005112,-0.046374,0.056121
178.735173,3042.033482,-2046.928866,4594.560465,7.807281,-6.841796,-33.765602,0.004713,-0.046992,0.055434
180.750678,3057.778400,-2060.814331,4526.617384,7.816543,-6.936790,-33.654588,0.004469,-0.047290,0.054602
182.766183,3073.541658,-2074.891529,4458.896306,7.825401,-7.032215,-33.545070,0.004335,-0.047371,0.053810
183.270059,3077.485252,-2078.440887,4442.000517,7.827576,-7.056091,-33.517967,0.004311,-0.047371,0.053645
183.773936,3081.429637,-2082.001178,4425.118421,7.828677,-7.075845,-33.490941,0.000031,-0.030938,0.053633
184.277812,3085.373750,-2085.568240,4408.249955,7.826578,-7.083294,-33.463873,-0.008409,0.001561,0.053817
185.036471,3091.308267,-2090.938641,4382.877797,7.816324,-7.067186,-33.422958,-0.019046,0.042535,0.054074
185.795130,3097.232072,-2096.285529,4357.536730,7.798492,-7.021881,-33.381861,-0.027465,0.074981,0.054210
186.553788,3103.139968,-2101.588868,4332.226878,7.774971,-6.954647,-33.340709,-0.034214,0.101003,0.054234
187.312447,3109.028129,-2106.833910,4306.948259,7.746887,-6.869813,-33.299588,-0.039617,0.121851,0.054160
188.607587,3119.026248,-2115.621536,4263.865993,7.690830,-6.693668,-33.229624,-0.046436,0.148187,0.053851
189.902726,3128.946604,-2124.161094,4220.874054,7.627480,-6.489338,-33.160163,-0.051075,0.166132,0.053416
191.197866,3138.781432,-2132.422542,4177.971713,7.559172,-6.265812,-33.091320,-0.054214,0.178298,0.052931
192.493005,3148.525493,-2140.385568,4135.158110,7.487507,-6.029251,-33.023114,-0.056317,0.186479,0.052425
194.376786,3162.529171,-2151.407726,4073.042399,7.379473,-5.670372,-32.925058,-0.058174,0.193739,0.051703
196.260567,3176.326414,-2161.742384,4011.110183,7.268900,-5.301511,-32.828348,-0.059180,0.197719,0.051039
198.144347,3189.913927,-2171.376477,3949.359002,7.156952,-4.927160,-32.732875,-0.059678,0.199738,0.050408
200.028128,3203.289973,-2180.302961,3887.786500,7.044331,-4.550034,-32.638528,-0.059876,0.200599,0.049774
201.971998,3216.870051,-2188.768315,3824.434850,6.927911,-4.159892,-32.542349,-0.059916,0.200847,0.049141
203.343863,3226.318667,-2194.286732,3779.837196,6.846679,-3.885016,-32.475186,-0.058430,0.199818,0.048747
204.208512,3232.219932,-2197.573297,3751.775793,6.802278,-3.716281,-32.433046,-0.043934,0.190243,0.048728
205.073160,3238.087434,-2200.717018,3723.750814,6.769025,-3.554936,-32.390937,-0.032775,0.182823,0.048679
205.937809,3243.929471,-2203.723431,3695.762210,6.744437,-3.399373,-32.348887,-0.024213,0.177080,0.048588
207.667106,3255.560734,-2209.340162,3639.893869,6.714174,-3.101017,-32.265082,-0.012770,0.169261,0.048294
209.396404,3267.156928,-2214.452770,3584.169973,6.698503,-2.812825,-32.181877,-0.005718,0.164278,0.047913
211.125701,3278.735734,-2219.073917,3528.589402,6.692096,-2.531356,-32.099396,-0.001463,0.161104,0.047495
212.854999,3290.307645,-2223.211660,3473.150817,6.691779,-2.254556,-32.017668,0.000944,0.159126,0.047051
214.734080,3302.885045,-2227.168485,3413.069621,6.694998,-1.956906,-31.929733,0.002473,0.157683,0.046545
216.613162,3315.470375,-2230.568016,3353.152755,6.700512,-1.661589,-31.842731,0.003298,0.156700,0.046038
218.492244,3328.067108,-2233.414087,3293.398494,6.707252,-1.367906,-31.756680,0.003742,0.155968,0.045545
220.360951,3340.607581,-2235.698394,3234.133679,6.714552,-1.077057,-31.672030,0.003994,0.155367,0.045068
222.229658,3353.162139,-2237.440236,3175.026229,6.722182,-0.787235,-31.588275,0.004138,0.154840,0.044597
222.696835,3356.302271,-2237.791753,3160.273797,6.721104,-0.717446,-31.567426,-0.008836,0.143875,0.044674
223.164012,3359.440151,-2238.112150,3145.531118,6.712617,-0.653899,-31.546509,-0.027605,0.128083,0.044876
223.631188,3362.572218,-2238.404416,3130.798230,6.695933,-0.597252,-31.525502,-0.043839,0.114411,0.045059
224.476450,3368.212215,-2238.871888,3104.167060,6.648651,-0.509169,-31.487310,-0.067916,0.094104,0.045300
225.321712,3373.804762,-2239.271228,3077.568228,6.583344,-0.436308,-31.448964,-0.086391,0.078478,0.045411
226.166974,3379.336254,-2239.613939,3051.001825,6.504246,-0.375128,-31.410569,-0.100565,0.066449,0.045409
227.462806,3387.677157,-2240.046885,3010.337077,6.362659,-0.298624,-31.351789,-0.115918,0.053335,0.045243
228.758638,3395.821554,-2240.391838,2969.748371,6.205286,-0.235679,-31.293329,-0.126275,0.044397,0.044997
230.054469,3403.753997,-2240.662169,2929.235224,6.037053,-0.182177,-31.235257,-0.133153,0.038366,0.044702
231.350301,3411.463837,-2240.867253,2888.797030,5.861408,-0.135235,-31.177563,-0.137616,0.034355,0.044358
233.102336,3421.519970,-2241.053361,2834.240691,5.616766,-0.078331,-31.100248,-0.141243,0.030943,0.043882
234.854370,3431.142456,-2241.144555,2779.819141,5.367513,-0.025945,-31.023781,-0.143231,0.028905,0.043447
236.606404,3440.325844,-2241.146546,2725.530923,5.115702,0.023645,-30.948094,-0.144219,0.027705,0.043024
238.358439,3449.067066,-2241.063051,2671.374599,4.862644,0.071540,-30.873108,-0.144616,0.027002,0.042577
240.173833,3457.656273,-2240.889088,2615.397476,4.600051,0.120164,-30.796183,-0.144699,0.026551,0.042121
240.627682,3459.729099,-2240.831821,2601.424992,4.534383,0.132196,-30.777084,-0.144681,0.026471,0.042015
241.081531,3461.772061,-2240.769099,2587.461179,4.468467,0.144202,-30.758027,-0.145799,0.026436,0.041966
241.535379,3463.784222,-2240.700908,2573.506049,4.398901,0.156292,-30.738849,-0.160847,0.026844,0.042567
241.989228,3465.763377,-2240.627191,2559.559672,4.322964,0.168554,-30.719441,-0.173859,0.027196,0.042974
242.443077,3467.706878,-2240.547877,2545.622131,4.241502,0.180966,-30.699877,-0.185102,0.027498,0.043232
242.896925,3469.612327,-2240.462901,2531.693490,4.155285,0.193504,-30.680221,-0.194816,0.027757,0.043380
243.804623,3473.302022,-2240.275776,2503.863008,3.970857,0.218900,-30.640780,-0.210373,0.028166,0.043440
244.712320,3476.818049,-2240.065435,2476.068346,3.774338,0.244610,-30.601393,-0.222002,0.028466,0.043337
245.620017,3480.151255,-2239.831643,2448.309392,3.568716,0.270552,-30.562156,-0.230645,0.028681,0.043144
246.527715,3483.294644,-2239.574227,2420.585948,3.356302,0.296659,-30.523109,-0.237033,0.028833,0.042896
248.240311,3488.690973,-2239.023798,2368.374871,2.942916,0.346203,-30.450082,-0.244809,0.029000,0.042403
249.952907,3493.369164,-2238.388310,2316.288226,2.519747,0.395933,-30.377958,-0.249128,0.029069,0.041965
251.665503,3497.317363,-2237.667583,2264.324456,2.091157,0.445726,-30.306592,-0.251377,0.029080,0.041529
253.378100,3500.529267,-2236.861593,2212.482148,1.659733,0.495509,-30.235873,-0.252384,0.029056,0.041053
255.154383,3503.078926,-2235.935624,2158.839008,1.211156,0.547080,-30.163290,-0.252724,0.029011,0.040591
256.930667,3504.831790,-2234.918135,2105.324153,0.762287,0.598563,-30.091511,-0.252617,0.028954,0.040195
258.706951,3505.787741,-2233.809293,2051.936245,0.313789,0.649941,-30.020472,-0.252279,0.028892,0.039835
259.392447,3505.944687,-2233.356627,2031.366712,0.143657,0.670645,-29.993195,-0.243946,0.031550,0.039783
259.914066,3505.988290,-2233.001908,2015.727094,0.022735,0.689163,-29.972389,-0.219438,0.039537,0.039988
260.435686,3505.971788,-2232.636563,2000.098359,-0.086363,0.711532,-29.951469,-0.198750,0.046267,0.040221
260.957306,3505.900847,-2232.258748,1984.480567,-0.185467,0.737148,-29.930433,-0.181290,0.051934,0.040440
262.000546,3505.612696,-2231.460177,1953.278006,-0.359200,0.796312,-29.888057,-0.154281,0.060663,0.040773
263.043785,3505.157733,-2230.595226,1922.119806,-0.509419,0.863046,-29.845409,-0.134862,0.066892,0.040936
264.087025,3504.555804,-2229.657535,1891.006170,-0.642526,0.935241,-29.802663,-0.120965,0.071302,0.040973
265.130265,3503.821570,-2228.642458,1859.937144,-0.763247,1.011342,-29.759942,-0.111059,0.074398,0.040922
266.802617,3502.395006,-2226.845525,1810.225189,-0.939448,1.138678,-29.691673,-0.100739,0.077531,0.040713
268.474969,3500.686844,-2224.831708,1760.627082,-1.102569,1.269879,-29.623841,-0.094583,0.079296,0.040424
270.147320,3498.713167,-2222.596446,1711.142000,-1.257688,1.403277,-29.556537,-0.090939,0.080235,0.040100
271.819672,3496.483992,-2220.137169,1661.768998,-1.407906,1.537856,-29.489784,-0.088796,0.080683,0.039754
273.552048,3493.912841,-2217.351788,1610.740985,-1.560586,1.677777,-29.421236,-0.087425,0.080869,0.039382
275.284424,3491.078623,-2214.323934,1559.831163,-1.711263,1.817901,-29.353317,-0.086600,0.080879,0.039015
277.016799,3487.985110,-2211.054895,1509.038502,-1.860088,1.956753,-29.286010,-0.085237,0.079224,0.038698
277.447191,3487.177133,-2210.206361,1496.437655,-1.894803,1.987149,-29.269287,-0.075986,0.061747,0.039035
277.877583,3486.354985,-2209.346140,1483.844030,-1.925791,2.010486,-29.252428,-0.067970,0.046616,0.039314
278.307974,3485.520159,-2208.477118,1471.257681,-1.953548,2.027724,-29.235459,-0.061026,0.033512,0.039536
279.168758,3483.817107,-2206.721414,1446.106961,-2.000903,2.046812,-29.201281,-0.049843,0.012428,0.039825
280.029541,3482.077375,-2204.956978,1420.985761,-2.039988,2.050316,-29.166934,-0.041405,-0.003459,0.039959
280.890324,3480.306901,-2203.194987,1395.894168,-2.072773,2.041970,-29.132528,-0.035059,-0.015385,0.039978
281.751107,3478.510312,-2201.444133,1370.832182,-2.100795,2.024682,-29.098139,-0.030295,-0.024314,0.039916
283.386199,3475.037664,-2198.171396,1323.307320,-2.144881,1.974750,-29.033060,-0.024284,-0.035521,0.039679
284.476190,3472.686043,-2196.041349,1291.685114,-2.169930,1.933408,-28.989953,-0.021716,-0.040264,0.039493
284.477415,3472.683386,-2196.038983,1291.649803,-2.170326,1.932774,-28.845681,-0.322960,-0.518214,117.853944
284.478639,3472.680729,-2196.036618,1291.614666,-2.170717,1.932146,-28.702926,-0.319751,-0.513196,116.615215
284.481087,3472.675413,-2196.031889,1291.544738,-2.171492,1.930901,-28.420394,-0.313445,-0.503335,114.181716
284.483535,3472.670096,-2196.027163,1291.475495,-2.172252,1.929681,-28.143730,-0.307329,-0.493768,111.822073
284.485984,3472.664776,-2196.022440,1291.406922,-2.172997,1.928483,-27.872756,-0.301396,-0.484484,109.533328
284.499192,3472.636050,-2195.997010,1291.048021,-2.176780,1.922395,-26.502600,-0.272247,-0.438842,98.299373
284.512400,3472.607276,-2195.971656,1290.706270,-2.180206,1.916865,-25.269603,-0.247235,-0.399625,88.673750
284.525607,3472.578459,-2195.946372,1290.380003,-2.183325,1.911817,-24.154718,-0.225614,-0.365679,80.364712
284.538815,3472.549603,-2195.921152,1290.067768,-2.186177,1.907187,-23.142151,-0.206794,-0.336094,73.142924
284.558891,3472.505673,-2195.882928,1289.617238,-2.190078,1.900835,-21.769880,-0.182530,-0.297889,63.848939
284.578968,3472.461670,-2195.844825,1289.192500,-2.193535,1.895181,-20.567291,-0.162440,-0.266194,56.170901
284.599044,3472.417601,-2195.806829,1288.790461,-2.196623,1.890111,-19.505832,-0.145616,-0.239604,49.756175
284.619120,3472.373473,-2195.768930,1288.408507,-2.199399,1.885533,-18.562734,-0.131383,-0.217065,44.341708
284.639196,3472.329292,-2195.731118,1288.044453,-2.201912,1.881374,-17.719996,-0.119231,-0.197789,39.730301
284.672936,3472.254933,-2195.667746,1287.467904,-2.205641,1.875168,-16.490814,-0.102463,-0.171130,33.388216
284.706677,3472.180458,-2195.604570,1286.929512,-2.208865,1.869765,-15.452186,-0.089176,-0.149946,28.384408
284.740418,3472.105881,-2195.541565,1286.423494,-2.211686,1.865005,-14.564676,-0.078457,-0.132811,24.366366
284.774159,3472.031214,-2195.478711,1285.945286,-2.214181,1.860769,-13.799586,-0.069682,-0.118748,21.093190
284.807899,3471.956468,-2195.415993,1285.491151,-2.216405,1.856965,-13.134878,-0.062405,-0.107058,18.392760
284.841640,3471.881650,-2195.353396,1285.057993,-2.218405,1.853523,-12.553420,-0.056299,-0.097228,16.139796
284.896688,3471.759449,-2195.251503,1284.389816,-2.221273,1.848544,-11.749765,-0.048252,-0.084239,13.193750
284.951737,3471.637102,-2195.149865,1283.761778,-2.223749,1.844198,-11.088786,-0.041964,-0.074057,10.916720
285.006786,3471.514627,-2195.048453,1283.166935,-2.225916,1.840354,-10.539107,-0.036950,-0.065919,9.123480
285.061834,3471.392039,-2194.947240,1282.599832,-2.227834,1.836913,-10.077796,-0.032883,-0.059302,7.688881
285.116883,3471.269352,-2194.846208,1282.056096,-2.229549,1.833804,-9.687644,-0.029533,-0.053844,6.525694
285.171931,3471.146575,-2194.745339,1281.532187,-2.231096,1.830969,-9.355522,-0.026738,-0.049284,5.571715
285.266817,3470.934762,-2194.571818,1280.667507,-2.233442,1.826605,-8.890825,-0.022892,-0.043001,4.292836
285.361703,3470.722742,-2194.398685,1279.841689,-2.235468,1.822764,-8.530616,-0.019934,-0.038166,3.346407
285.456588,3470.510542,-2194.225896,1279.046160,-2.237244,1.819330,-8.248493,-0.017601,-0.034355,2.632554
285.551474,3470.298183,-2194.053418,1278.274471,-2.238822,1.816221,-8.025767,-0.015723,-0.031290,2.086031
285.646360,3470.085682,-2193.881221,1277.521652,-2.240238,1.813375,-7.848763,-0.014184,-0.028784,1.662455
285.741246,3469.873054,-2193.709284,1276.783872,-2.241522,1.810745,-7.707377,-0.012903,-0.026703,1.330989
285.885388,3469.549828,-2193.448547,1275.685328,-2.243263,1.807088,-7.544180,-0.011329,-0.024156,0.956039
286.029530,3469.226366,-2193.188313,1274.606800,-2.244804,1.803755,-7.426483,-0.010086,-0.022154,0.690802
286.173672,3468.902693,-2192.928540,1273.542789,-2.246183,1.800681,-7.341271,-0.009086,-0.020552,0.501565
286.317815,3468.578832,-2192.669195,1272.489310,-2.247432,1.797816,-7.279322,-0.008269,-0.019251,0.365557
286.461957,3468.254799,-2192.410249,1271.443482,-2.248574,1.795120,-7.234096,-0.007595,-0.018183,0.267183
286.661356,3467.806290,-2192.052658,1270.005671,-2.250010,1.791618,-7.190873,-0.006845,-0.016999,0.174047
286.860754,3467.357509,-2191.695744,1268.574871,-2.251313,1.788325,-7.162689,-0.006255,-0.016075,0.113962
287.060153,3466.908479,-2191.339469,1267.148605,-2.252512,1.785195,-7.144111,-0.005788,-0.015345,0.074827
287.259552,3466.459219,-2190.983805,1265.725365,-2.253628,1.782195,-7.131866,-0.005415,-0.014767,0.049431
287.513116,3465.887610,-2190.532369,1263.918244,-2.254954,1.778524,-7.121899,-0.005045,-0.014194,0.029248
287.766681,3465.315676,-2190.081848,1262.113195,-2.256197,1.774980,-7.116069,-0.004767,-0.013764,0.017986
288.020245,3464.743434,-2189.632213,1260.309352,-2.257379,1.771532,-7.112508,-0.004556,-0.013439,0.011609
288.287397,3464.140212,-2189.159421,1258.409618,-2.258573,1.767977,-7.110053,-0.004389,-0.013182,0.007678
288.554549,3463.536675,-2188.687571,1256.510411,-2.259729,1.764481,-7.108370,-0.004263,-0.012989,0.005409
288.821700,3462.932835,-2188.216648,1254.611581,-2.260855,1.761031,-7.107137,-0.004170,-0.012845,0.004104
289.089188,3462.327935,-2187.746051,1252.710649,-2.261960,1.757610,-7.106161,-0.004099,-0.012737,0.003355
289.356676,3461.722743,-2187.276366,1250.809953,-2.263050,1.754214,-7.105334,-0.004046,-0.012656,0.002925
289.624164,3461.117260,-2186.807587,1248.909465,-2.264127,1.750837,-7.104592,-0.004007,-0.012595,0.002677
289.891656,3460.511481,-2186.339702,1247.009138,-2.265195,1.747474,-7.103899,-0.003977,-0.012549,0.002534
290.159148,3459.905418,-2185.872715,1245.108992,-2.266255,1.744122,-7.103235,-0.003955,-0.012514,0.002452
290.426640,3459.299072,-2185.406624,1243.209020,-2.267311,1.740778,-7.102587,-0.003938,-0.012488,0.002404
291.991089,3455.747195,-2182.698491,1232.100267,-2.273441,1.721290,-7.098877,-0.003884,-0.012403,0.002291
293.555539,3452.185767,-2180.020780,1220.997259,-2.279526,1.701877,-7.095235,-0.003875,-0.012386,0.002306
295.119988,3448.614823,-2177.373432,1209.899957,-2.285598,1.682488,-7.091600,-0.003877,-0.012385,0.002321
299.925714,3437.586107,-2169.430765,1175.846399,-2.304240,1.622978,-7.080456,-0.003874,-0.012370,0.002314
304.731440,3426.467874,-2161.773846,1141.846216,-2.322852,1.563561,-7.069378,-0.003870,-0.012354,0.002298
309.537166,3415.260260,-2154.402248,1107.899094,-2.341437,1.504234,-7.058370,-0.003864,-0.012336,0.002283
320.948044,3388.291176,-2138.039587,1027.504738,-2.385451,1.363735,-7.032505,-0.003850,-0.012291,0.002249
332.358922,3360.820685,-2123.277490,947.403574,-2.429305,1.223748,-7.007017,-0.003836,-0.012246,0.002217
340.275688,3341.468299,-2113.972899,892.000010,-2.459636,1.126924,-6.989549,-0.003827,-0.012215,0.002195
